candidate_id,candidate_election_year,candidate_name,party_full,incumbent_challenge_full,office,total_receipts,total_disbursements,cash_on_hand_end_period,committee_ids,coverage_end_date,candidate_pcc_id,candidate_pcc_name
P00000679,2020,"CARROLL, JERRY LEON",NONE,Challenger,P,220.00,220.00,2.00,{C00214999},2019-09-30 00:00:00,C00214999,JERRY CARROLL COMMITTEE FOR PRESIDENT
P00003244,2020,"WINTERBOTTOM, THOMAS FRANCIS",DEMOCRATIC PARTY,Challenger,P,0.0,0.0,0.0,{C00549923},,C00549923,THOMAS F WINTERBOTTOM FOR PRESIDENT
P00003814,2020,"MALONE, YEHANNA JOAN M M",REPUBLICAN PARTY,Challenger,P,0.0,0.0,0.0,{C00691121},,C00691121,JOAN MALONE FOR PRESIDENT
P00003897,2020,"WALLACE, WILLIAM LEONARD",INDEPENDENT,Open seat,P,0.0,0.0,0.0,"{C00577791,C00696013}",,C00696013,WALLACE 2020
P00003962,2020,"SCHRINER, JOSEPH CHARLES",UNKNOWN,Open seat,P,2830.00,3025.00,5.00,{C00385153},2019-09-30 00:00:00,C00385153,SCHRINER PRESIDENTIAL ELECTION COMMITTEE
P00004861,2020,"BICKELMEYER, MICHAEL",REPUBLICAN PARTY,Challenger,P,716.00,672.00,53.42,{C00553206},2019-09-30 00:00:00,C00553206,COMMITTEE TO ELECT MICHAEL BICKELMEYER
P00004887,2020,"GABLE, JEREMY JOSEPH MR.",NO PARTY AFFILIATION,,P,0.00,0.00,0.00,{C00577742},2017-08-21 00:00:00,C00577742,"HEY, JEREMY GABLE IS RUNNING FOR PRESIDENT"
P00004929,2020,"HURLEY, CHRISTOPHER JAMES",UNAFFILIATED,Challenger,P,0.0,0.0,0.0,{C00588327},,C00588327,CHRISTOPHER HURLEY FOR PRESIDENT
P00004945,2020,"HOWITT, JAMES WILLIAM",REPUBLICAN PARTY,Challenger,P,0.0,0.0,0.0,{C00591180},,C00591180,HOWITT FOR PRESIDENT
P00005090,2020,"BOYER, GREGORY",WRITE-IN,Challenger,P,0.0,0.0,0.0,{C00621128},,C00621128,GREGORY BOYER FOR AMERICA
P00005116,2020,"SCOTT, KAMERON",,Challenger,P,0.0,0.0,0.0,{C00654996},,C00654996,KAMERON SCOTT PARTY
P00005207,2020,"ROUSE, DEBORAH ANN",,Challenger,P,0.0,0.0,0.0,{C00626853},,C00626853,ROUSE PRESIDENTIAL ELECTION
P00005314,2020,"JORGENSON, CHAD MICHAEL",INDEPENDENT,Challenger,P,0.00,0.00,0.00,{C00628628},2019-09-30 00:00:00,C00628628,JORGENSON FOR PRESIDENT
P00005355,2020,"VARNADO, KEYSHAWN DWANYE",DEMOCRATIC PARTY,Challenger,P,0.0,0.0,0.0,"{C00628826,C00629816,C00629824,C00631010}",,C00631010,VARNADOFLORES2020
P00005363,2020,"SRAIL, JAMES RYAN MR.",INDEPENDENT,Challenger,P,0.00,0.00,0.00,{C00628909},2019-03-17 00:00:00,C00628909,JAMES SRAIL FOR PRESIDENT
P00005389,2020,"BOWERS, MICHAEL DEAN",PEOPLE'S PARTY,Challenger,P,0.0,0.0,0.0,{C00628990},,C00628990,MIKE BOWERS FOR PRESIDENT 2020
P00005421,2020,"LEONARD, KEITH",DEMOCRATIC PARTY,Challenger,P,0.0,0.0,0.0,{C00629345},,C00629345,KEITH LEONARD FOR PRESIDENT 2020
P00005439,2020,"COLLINS, JOE EDWARD III",REPUBLICAN PARTY,Challenger,P,257700.00,259800.00,0.00,{C00634030},2019-05-09 00:00:00,C00634030,VOTE COLLINS 2020
P00005454,2020,"SHARP, JEFFERY",NONE,Challenger,P,0.0,0.0,0.0,{C00629717},,C00629717,VOTE SHARP FOR AMERICA
P00005470,2020,"DIXON, MICHAEL JOSEPH",OTHER,Challenger,P,0.0,0.0,0.0,{C00630160},,C00630160,VETERNS FOR FREE AMERICA
P00005520,2020,"THOMAS, ROBERT JAMES",INDEPENDENT,Challenger,P,0.0,0.0,0.0,{C00630640},,C00630640,THOMAS FOR PRESENDENT
P00005561,2020,"ALONGI, ANTHONY",NONE,Challenger,P,0.0,0.0,0.0,{C00631390},,C00631390,THE PRESIDENTIAL CAMPAIGN COMMITTEE FOR ANTHONY ALONGI
P00005587,2020,"ROESLER, NICHOLAS",INDEPENDENT,Challenger,P,0.00,0.00,0.00,{C00631499},2017-12-31 00:00:00,C00631499,ROESLER FOR AMERICA INC.
P00005595,2020,"BROWN, GEORGE CLINTON",DEMOCRATIC PARTY,Challenger,P,0.0,0.0,0.0,"{C00633446,C00633644}",,C00633446,PRESIDENTIAL CANDIDATE GEORGE CLINTON BROWN
P00005603,2020,"MCLAIN, KELLY MR.",DEMOCRATIC PARTY,Challenger,P,0.0,0.0,0.0,{C00631689},,C00631689,VOTE KELLY MCLAIN
P00005637,2020,"DIEL, KEVIN BRADFORD 1983",INDEPENDENT,Challenger,P,0.0,0.0,0.0,{C00632539},,C00632539,FRIENDS OF KEVIN DIEL
P00005660,2020,"O'KEEFE, JOHN",DEMOCRATIC PARTY,Challenger,P,0.0,0.0,0.0,{C00632869},,C00632869,O'KEEFE FOR PRESIDENT 2020
P00005686,2020,"TOMLINSON, JUSTIN",GEORGE WALLACE PARTY,Challenger,P,0.0,0.0,0.0,{C00633297},,C00633297,KU KLUX KLAN! AND WEED FOR ALL!
P00005702,2020,"COOK, MERRILL EDWARD SERGEANT JR.",UNAFFILIATED,Challenger,P,0.0,0.0,0.0,"{C00633909,C00634063}",,C00634063,COOK FOR PRESIDENT 2020
P00005751,2020,"CAPTAIN, MICHAEL T SGT",,Challenger,P,0.0,0.0,0.0,{C00636258},,C00636258,SGT MICHAEL T CAPTAIN FOR PRESIDENT
P00005777,2020,"FELICIANO, NELSON",,Challenger,P,0.0,0.0,0.0,{C00636464},,C00636464,NELSON FELICIANO
P00005819,2020,"FARRELL-SMITH, KELAN JOHN MR.",REPUBLICAN PARTY,Challenger,P,0.0,0.0,0.0,{C00638684},,C00638684,KELAN JOHN FARRELL-SMITH FOR PRESIDENT IN 2020
P00005835,2020,"ALTMAN, JOEL LEVI",INDEPENDENT,Challenger,P,0.0,0.0,0.0,{C00638239},,C00638239,INDEPENDENT PRINCIPAL CAMPAIGN COMMITTEE
P00005850,2020,"OAKES, KEVIN",REPUBLICAN PARTY,Challenger,P,0.0,0.0,0.0,{C00638635},,C00638635,HARDWORKING AMERICANS
P00005868,2020,"GREENE, ROSALIND FRANCINA",DEMOCRATIC PARTY,Challenger,P,0.00,105.00,254.00,{C00647230},2019-06-30 00:00:00,C00647230,ROSALIND F. GREENE-ONE AMERICA FOR ALL AMERICANS
P00005934,2020,"AYER, NILES",DEMOCRATIC PARTY,Challenger,P,0.0,0.0,0.0,{C00646836},,C00646836,NILES AYER FOR PRESIDENT INC
P00005942,2020,"WIAND, FRED",DEMOCRATIC PARTY,Challenger,P,22546.27,17433.27,5112.30,{C00641100},2019-09-30 00:00:00,C00641100,FRIENDS OF FRED WIAND
P00005959,2020,"DISNEY, GARY DENNIS",AMERICAN PARTY,Challenger,P,0.00,0.00,800.00,{C00695924},2019-04-12 00:00:00,C00695924,UNITED STATES PEOPLE TO ELECT GARY D DISNEY
P00005975,2020,"THEZION (CORREA), MOSHEH (LUIS) EDWARDO CALIPH",DEMOCRATIC PARTY,Challenger,P,0.0,0.0,0.0,{C00641258},,C00641258,CALIPH FOR U.S. PRESIDENT 2020
P00006007,2020,"GORDON, ALAN",INDEPENDENT,Challenger,P,0.0,0.0,0.0,{C00641399},,C00641399,RESIST! ALAN GORDON PLAID4PREZ
P00006049,2020,"BANNISTER, WALTER RANDALL DR.",REPUBLICAN PARTY,Challenger,P,0.00,0.00,0.00,{C00647412},2018-01-01 00:00:00,C00647412,BANNISTER FOR PRESIDENT 2020
P00006056,2020,"EDMONDS, SIMON",DEMOCRATIC PARTY,Challenger,P,0.0,0.0,0.0,{C00648303},,C00648303,EDMONDS COMMITTEE
P00006080,2020,"OHANIAN, GRANT ETHRIDGE MR",DEMOCRATIC PARTY,Challenger,P,0.0,0.0,0.0,{C00651570},,C00651570,OHANIAN 2020
P00006106,2020,"HOY, JOSHUA ALEXANDER MR.",DEMOCRATIC PARTY,Challenger,P,0.0,0.0,0.0,{C00649830},,C00649830,HUMAN RIGHTS COMMITTEE
P00006122,2020,"MASON, JAMES GRAY MR.",WRITE-IN,Challenger,P,0.0,0.0,0.0,{C00650846},,C00650846,MASON FOR PRESIDENT 2020
P00006130,2020,"LEE, WARREN",DEMOCRATIC PARTY,Challenger,P,0.0,0.0,0.0,{C00651182},,C00651182,PRESIDENT'S COMMITTEE
P00006148,2020,"COOPER, ROBERT WASHINGTON JR",INDEPENDENT,Challenger,P,0.0,0.0,0.0,{C00652818},,C00652818,COMMITTEE FOR ROBERT W COOPER JR
P00006163,2020,"JOHNSTON, JACOB",REPUBLICAN PARTY,Challenger,P,0.00,0.00,0.00,{C00652008},2017-12-31 00:00:00,C00652008,JOHNSTON FOR PRESIDENT
P00006171,2020,"CLIFTON, TIRELL ALEXANDER MAXWELL REV. DR. I",DEMOCRATIC PARTY,Challenger,P,0.00,429.99,0.00,{C00652057},2019-09-30 00:00:00,C00652057,MACK CLIFTON FOR PRESIDENT CAMPAIGN COMMITTEE
P00006213,2020,"DELANEY, JOHN K.",DEMOCRATIC PARTY,Challenger,P,27198228.24,26672210.22,548060.86,{C00508416},2019-09-30 00:00:00,C00508416,FRIENDS OF JOHN DELANEY
P00006221,2020,"NOWELL, JANELLE MARIE",DEMOCRATIC PARTY,Challenger,P,0.00,0.00,0.00,"{C00659466,C00673814}",2018-09-30 00:00:00,C00673814,JANELLE MARIE NOWELL
P00006239,2020,"GRIFFITH, DAVID OSWALD",REPUBLICAN PARTY,Challenger,P,0.0,0.0,0.0,"{C00652966,C00652974}",,C00652974,GRIFFITH COMMITTEE
P00006247,2020,"AGUIAR, MICHAEL",DEMOCRATIC PARTY,Challenger,P,0.0,0.0,0.0,{C00653287},,,
P00006254,2020,"HEATON, TYRELL J",DEMOCRATIC PARTY,Challenger,P,0.0,0.0,0.0,{C00653394},,,
P00006270,2020,"ABRAUGH, MATTHEW M. MR.",NON-PARTY,Challenger,P,0.0,0.0,0.0,{C00653931},,C00653931,THE MATTHEW M. ABRAUGH FOR PRESIDENT
P00006296,2020,"ANTHONY, NAKIA LACQUERS",DEMOCRATIC PARTY,Challenger,P,4272.00,0.00,4772.00,{C00654673},2019-09-30 00:00:00,C00654673,CAMPAIGN TO ELECT NAKIA ANTHONY FOR PRESIDENT
P00006312,2020,"BAUER, MARK L",INDEPENDENT,,P,0.0,0.0,0.0,{C00655779},,C00655779,BAUER FOR PRESIDENT 2020
P00006320,2020,"KING, BRADLEY S.",UNAFFILIATED,,P,0.0,0.0,0.0,{C00661199},,C00661199,BRADLEY KING FOR UNITING AND REFORMING AMERICA
P00006338,2020,"EGGLESTON, DERRICK",UNKNOWN,Challenger,P,0.0,0.0,0.0,{C00656538},,C00656538,DERRICK LADARIUS EGGLESTON
P00006346,2020,"CARTY, JILL ANN MS.",INDEPENDENCE PARTY,Challenger,P,0.0,0.0,0.0,{C00656645},,C00656645,THE COMMITTE TO ELECT JILL CARTY
P00006403,2020,"NWADIKE JR, KENNETH E",DEMOCRATIC PARTY,Challenger,P,5000.00,0.00,5000.00,{C00658914},2018-06-30 00:00:00,C00658914,KENNY 2020
P00006411,2020,"MURPHY, DARRYL",REPUBLICAN PARTY,Challenger,P,0.0,0.0,0.0,{C00659664},,C00659664,"DARRYL MURPHY FOR PRESIDENT, LLC"
P00006460,2020,"BUSH, WILLITA D",INDEPENDENT,Challenger,P,0.0,0.0,0.0,{C00572032},,C00572032,WILLITA D BUSH FOR PRESIDENT EXPLORATORY COMMITTEE
P00006478,2020,"GREEN, ANDRE PHILLIP",DEMOCRATIC PARTY,,P,0.00,0.00,0.00,{C00659904},2018-07-15 00:00:00,C00659904,ALMIGHTY GOD GREEN INC
P00006486,2020,"YANG, ANDREW MR.",DEMOCRATIC PARTY,Challenger,P,15207803.14,8840058.12,6357361.37,{C00659938},2019-09-30 00:00:00,C00659938,FRIENDS OF ANDREW YANG
P00006502,2020,"BLUFORD, LARRY D MR. SR",WRITE-IN,Challenger,P,0.0,0.0,0.0,{C00660258},,C00660258,"THE SELF PRESERVATION PARTY FOR LARRY D. BLUFORD, SR FOR PRESIDENT"
P00006510,2020,"CHIODO, DAMIEN GARRETT MR.",DEMOCRATIC PARTY,Challenger,P,0.0,0.0,0.0,{C00660605},,C00660605,CHIODO FOR PRESIDENT OF THE UNITED STATES OF AMERICA COMMITTEE
P00006528,2020,"HERZ, DAVID RAPHAEL MR.",REPUBLICAN PARTY,Challenger,P,300.00,180.00,105.00,{C00660647},2019-09-30 00:00:00,C00660647,HERZ FOR PRESIDENT
P00006536,2020,"BUNYAN, NOAH MR.",DEMOCRATIC PARTY,Challenger,P,0.0,0.0,0.0,{C00660829},,C00660829,NOAH BUNYAN 2020
P00006544,2020,"KABIR, MOHAMMAD S MR.",WRITE-IN,Challenger,P,0.0,0.0,0.0,{C00661397},,C00661397,"KABIR, MOHAMMAD S"
P00006601,2020,"MARTINI, JOHN PATRICK MR.",DEMOCRATIC PARTY,Challenger,P,0.0,0.0,0.0,{C00661918},,C00661918,MARTINI FOR PRESIDENT
P00006676,2020,"BRAUN III, HARRY WILLIAM",DEMOCRATIC PARTY,Challenger,P,0.0,0.0,0.0,{C00662247},,C00662247,HARRY BRAUN FOR PRESIDENT COMMITTEE 2020
P00006684,2020,"FULLER, REV VERONICA RONNIE",INDEPENDENT,Challenger,P,1519.00,1519.00,0.00,{C00663948},2019-10-06 00:00:00,C00663948,REV RONNIE 4 PRESIDENT
P00006700,2020,"DACEY, JOHN MR.",DEMOCRATIC PARTY,Challenger,P,0.0,0.0,0.0,{C00665018},,C00665018,DACEY 2020
P00006734,2020,"HARVEY, TERRANCE JAMES",REPUBLICAN PARTY,Challenger,P,0.0,0.0,0.0,{C00725374},,C00725374,TERRANCE JAMES HARVEY
P00006742,2020,"FRANK, DAVID",INDEPENDENT,Challenger,P,0.0,0.0,0.0,{C00665117},,C00665117,DAVID FRANK FOR PRESIDENT
P00006759,2020,"USERA, JOSHUA DAVID",OTHER,Challenger,P,0.0,0.0,0.0,{C00664276},,C00664276,THE U.S. ERA PARTY
P00006783,2020,"EBERLY, MELVIN FRANCIS",REPUBLICAN PARTY,Challenger,P,0.0,0.0,0.0,{C00683763},,C00683763,MELVIN FOR PRESIDENT
P00006809,2020,"MONCADA, RICHARD CHARLES",INDEPENDENT,Challenger,P,0.0,0.0,0.0,{C00664995},,C00664995,RICHARD CHARLES MONCADA
P00006817,2020,"GARRET, SAMMY NO MIDDLE NAME SAM RET",INDEPENDENT,Challenger,P,0.0,0.0,0.0,{C00670026},,C00670026,GARRET 2020
P00006825,2020,"CUNNINGHAM, HART P.",DEMOCRATIC PARTY,Challenger,P,338684.66,338660.65,24.01,{C00664086},2018-06-30 00:00:00,C00664086,HART 2020
P00006841,2020,"KOKESH, ADAM",LIBERTARIAN PARTY,Challenger,P,202871.51,202563.58,307.93,{C00662197},2019-09-30 00:00:00,C00662197,ADAM KOKESH AMERICAN REFERENDUM PROJECT
P00006874,2020,"CROSS, KENNETH ROBERT",,Challenger,P,0.0,0.0,0.0,{C00666248},,C00666248,KEN CROSS FOR PRESIDENT 
P00006940,2020,"HOUSE, DANIEL JONATHAN",INDEPENDENT,Challenger,P,0.0,0.0,0.0,{C00675165},,C00675165,HOUSE2020
P00006957,2020,"GITTELMAN, CURTIS",WRITE-IN,Challenger,P,0.0,0.0,0.0,{C00667147},,C00667147,GITTELMAN 2020
P00006973,2020,"VAN DER VEGTE, SEM YORAM",REPUBLICAN PARTY,Challenger,P,0.0,0.0,0.0,{C00667113},,C00667113,SEM VAN DER VEGTE FOR PRESIDENT
P00006981,2020,"FARBER, RYAN ANDREW",DEMOCRATIC PARTY,Challenger,P,13015.00,12852.00,161.00,{C00671610},2019-04-15 00:00:00,C00671610,RYAN A. FARBER FOR PRESIDENT
P00007039,2020,"SMITH, ROBERT EUGENE",REPUBLICAN PARTY,Challenger,P,1002.00,1023.00,0.00,{C00668434},2019-06-30 00:00:00,C00668434,PATRONS OF ROBERT E SMITH
P00007062,2020,"WILSON, KENNETH ALAN",INDEPENDENT,Challenger,P,0.0,0.0,0.0,{C00669135},,C00669135,KENNY WILSON FOR PRESIDENT CAMPAIGN COMMITTEE
P00007096,2020,"LANKFORD, KEITH DANIEL",WRITE-IN,Challenger,P,0.0,0.0,0.0,{C00671792},,C00671792,AMERICAN LIBERTY PARTY; THE
P00007104,2020,"BUSH, RONALD MR",DEMOCRATIC PARTY,Challenger,P,0.0,0.0,0.0,"{C00669564,C00669739}",,C00669739,RON BUSH 2020
P00007153,2020,"WATKINS, CHRISTOPHER CHRISTIAN",INDEPENDENT,Challenger,P,0.0,0.0,0.0,{C00670299},,C00670299,CHRISTOPHER CHRISTIAN WATKINS FOR PRESIDENT 2020
P00007179,2020,"FORSMAN, CATHERINE ANNE",DEMOCRATIC PARTY,Challenger,P,482.60,266.71,215.89,{C00702134},2019-09-30 00:00:00,C00702134,CATHERINE FORSMAN FOR PRESIDENT
P00007187,2020,"BACHAR, SHAWN",INDEPENDENCE PARTY,Challenger,P,0.0,0.0,0.0,{C00670653},,C00670653,THE COMMITTEE TO ELECT SHAWN BACHAR
P00007195,2020,"HODGES, CHARLES LANDON",DEMOCRATIC PARTY,Challenger,P,0.0,0.0,0.0,{C00670711},,C00670711,VOTE FOR CHUCK
P00007252,2020,"HOPE, WILLIAM",DEMOCRATIC PARTY,Challenger,P,0.0,0.0,0.0,{C00671883},,C00671883,VOTE FOR HOPE
P00007328,2020,"GANZER, CALEB",DEMOCRATIC PARTY,Challenger,P,0.00,0.00,0.00,{C00673046},2018-04-15 00:00:00,C00673046,FRIENDS OF CALEB GANZER FOR PRESIDENT
P00007351,2020,"MCCARTHY, CHRISTOPHER",NON-PARTY,Challenger,P,0.0,0.0,0.0,{C00673913},,C00673913,CHRISTOPHER MCCARTHY
P00007385,2020,"BODDIE, PRESIDENT R19",REPUBLICAN PARTY,Challenger,P,0.0,0.0,0.0,{C00674184},,C00674184,YASHUA 2020 - ELECT PRESIDENT R19
P00007393,2020,"SYLVESTER, PAUL LOUIS",OTHER,Challenger,P,0.0,0.0,0.0,{C00674747},,C00674747,PAUL SYLVESTER 2020
P00007401,2020,"MONTALVO, KENNETH JAMES",INDEPENDENT,Challenger,P,0.0,0.0,0.0,{C00674812},,C00674812,MONTALVO FOR PRESIDENT
P00007443,2020,"DUNHAM II, MARK LONDON",DEMOCRATIC PARTY,Challenger,P,0.0,0.0,0.0,{C00677245},,C00677245,MARK LONDON FOR PRESIDENT COMMITTEE
P00007450,2020,"ARENDT, DEVIN 1983",NO PARTY AFFILIATION,Challenger,P,0.0,0.0,0.0,{C00676080},,C00676080,DEVIN ARENDT FOR PRESIDENT
P00007476,2020,"GOMEZ, RUDY EDWARD",DEMOCRATIC PARTY,Challenger,P,0.0,0.0,0.0,{C00676288},,C00676288,A NEW START
P00007492,2020,"BENZEL, JULIANNE ELIZABETH MRS.",REPUBLICAN PARTY,,P,0.0,0.0,0.0,{C00676320},,C00676320,UNITED FORWARD 2020 BENZEL FOR CONGRESS
P00007500,2020,"SMYTH, HERBERT EZEKIEL ZEKE",DEMOCRATIC PARTY,,P,1561.75,1561.75,0.00,{C00677195},2018-12-14 00:00:00,C00677195,HERBERT EZEKIEL SMYTH ZEKE
P00007526,2020,"CURRO, BRIAN R",INDEPENDENT,Challenger,P,0.0,0.0,0.0,{C00676981},,C00676981,BRIAN CURRO'S RUN FOR PRESIDENT
P00007567,2020,"HAWKINS, DANNY NATHANIEL JR.",REPUBLICAN PARTY,Challenger,P,423.08,402.60,20.48,{C00677633},2019-09-30 00:00:00,C00677633,"COMMITTEE TO ELECT DANNY HAWKINS, JR. PRESIDENT"
P00007583,2020,"PRESTIA, KEVIN",DEMOCRATIC PARTY,Challenger,P,0.0,0.0,0.0,{C00677575},,C00677575,FRIENDS OF KEVIN PRESTIA
P00007591,2020,"ROOSE, RODGER LEE",DEMOCRATIC PARTY,Challenger,P,0.0,0.0,0.0,{C00680140},,C00680140,ROOSE PRESIDENT PRIMARY
P00007609,2020,"PERRY, LEVOID DEXTER II",DEMOCRATIC PARTY,Challenger,P,0.0,0.0,0.0,{C00677856},,C00677856,LEVOID PERRY II
P00007633,2020,"FULK, SCOTT ELDON",INDEPENDENT,Challenger,P,0.0,0.0,0.0,{C00678359},,C00678359,HUMANITY 2020
P00007682,2020,"MURRAY, JASON",DEMOCRATIC PARTY,Challenger,P,0.0,0.0,0.0,{C00679365},,C00679365,MURRAY FOR PRESIDENT
P00007716,2020,"CLARK, MELVIN WAYNE",DEMOCRATIC PARTY,Challenger,P,0.0,0.0,0.0,{C00681486},,C00681486,MAKE IT HAPPEN VOTE MELVIN CLARK PRESIDENT
P00007732,2020,"MILLS, CHARLES EDWARD 1985 MALE",WRITE-IN,Challenger,P,0.0,0.0,0.0,{C00679928},,C00679928,CHARLES EDWARD EARL MILLS
P00007740,2020,"MAYON, RAMONA ELIZABETH",WRITE-IN,Challenger,P,0.0,0.0,0.0,{C00679969},,C00679969,2020 PRESIDENTIAL CAMPAIGN COMMITTEE FOR RAMONA MAYON
P00007773,2020,"HENDRY, RICHARD HAMPTON MR.",NO PARTY AFFILIATION,Challenger,P,0.0,0.0,0.0,{C00680009},,C00680009,COMMITTEE TO ELECT RICHARD HAMPTON HENDRY
P00007799,2020,"LUZA, RADOMIR VOJTECH",DEMOCRATIC PARTY,Challenger,P,0.0,0.0,0.0,{C00679704},,C00679704,RADOMIR LUZA FOR PRESIDENT
P00007823,2020,"LEE, HUHNKIE",REPUBLICAN PARTY,Challenger,P,1095.85,1726.89,1000.00,{C00680728},2019-09-30 00:00:00,C00680728,FRIENDS OF HUHNKIE LEE
P00007856,2020,"KENNEWAY, BRUCE JOHN MR",WRITE-IN,Challenger,P,0.0,0.0,0.0,{C00681205},,C00681205,"BRUCE JOHN KENNEWAY, INDEPENDENT PRESIDENT, NOVEMBER 2020 USING THE WRITE IN VOTE"
P00007864,2020,"WELLS, KASEY",INDEPENDENT,Challenger,P,0.0,0.0,0.0,{C00681759},,C00681759,KASEY WELLS FOR PRESIDENT
P00007880,2020,"HALLMAN, MICHAEL L",NONE,Challenger,P,0.0,0.0,0.0,{C00682054},,C00682054,HALLMAN FOR PRESIDENT 2020
P00007898,2020,"MOSS JR, ANTHONY KEVIN",INDEPENDENT,Challenger,P,0.0,0.0,0.0,{C00682096},,C00682096,ANTHONY K MOSS JR FOR PRESIDENT
P00007906,2020,"ALSTON, DONNA JEAN MISS",DEMOCRATIC PARTY,Challenger,P,0.0,0.0,0.0,{C00697318},,C00697318,DONNA JEAN ALSTON
P00007963,2020,"KOZLOWSKI, BENJAMIN PETER",DEMOCRATIC PARTY,Challenger,P,0.0,0.0,0.0,{C00682872},,C00682872,COMMITTEE TO ELECT KOZLOWSKI 2020
P00007971,2020,"WINDHAM, GERALD",INDEPENDENT,Challenger,P,0.0,0.0,0.0,{C00684068},,C00684068,GERALD WINDHAM PRESIDENTIAL CAMPAIGN
P00007997,2020,"STROUD, DONNA HAN",REPUBLICAN PARTY,Challenger,P,0.0,0.0,0.0,{C00683359},,C00683359,STROUD POTUS
P00008003,2020,"SMITH, SHARMIN LYNN",DEMOCRATIC PARTY,Challenger,P,20883.80,20883.80,41.00,{C00683631},2019-03-31 00:00:00,C00683631,SHARMIN SMITH FOR PRESIDENT
P00008011,2020,"NALLS, RANDALL",DEMOCRATIC PARTY,Challenger,P,0.0,0.0,0.0,{C00683698},,C00683698,RANDALL K NALLS FOR PRESIDENT
P00008029,2020,"BOBLIT, DANIEL JAMES MR",NONE,Challenger,P,0.0,0.0,0.0,{C00683979},,C00683979,DANIEL BOBLIT FOR PRESIDENT
P00008037,2020,"JOSEPH, DEJAWON",DEMOCRATIC PARTY,Challenger,P,0.0,0.0,0.0,{C00684142},,C00684142,DEJAWON JOSHEPH FOR PRESIDENT
P00008052,2020,"TEIXEIRA, RASHARNDA S MISS",WRITE-IN,Challenger,P,0.0,0.0,0.0,{C00684373},,C00684373,:
P00008094,2020,"FLUDD, ERIC RENALDO",REPUBLICAN PARTY,Challenger,P,0.0,0.0,0.0,{C00684779},,C00684779,KING SOLOMON LODGE #366
P00008102,2020,"VON BEVERN, RYAN NICHOLAS",DEMOCRATIC PARTY,Challenger,P,2507.76,2299.67,200.09,{C00684829},2019-09-30 00:00:00,C00684829,RVB2020 COMMITTEE FOR RYAN VON BEVERN
P00008110,2020,"WEIL, RICHARD LYONS",DEMOCRATIC PARTY,Challenger,P,0.0,0.0,0.0,{C00684852},,C00684852,WEIL FOR PRESIDENT - A PERFECT VISION FOR 2020
P00008128,2020,"ATANUS, SUSANNE",DEMOCRATIC PARTY,Challenger,P,746.00,677.00,118.00,{C00685271},2019-01-31 00:00:00,C00685271,SUSANNE ATANUS COMMITTEE TO ELECT FOR US PRESIDENT
P00008136,2020,"GROENDYK, GIDGET KAY",DEMOCRATIC PARTY,Challenger,P,0.0,0.0,0.0,{C00685396},,C00685396,COMMITTEE TO ELECT GIDGET GROENDYK
P00008151,2020,"JANSON, JAN",REPUBLICAN PARTY,Challenger,P,0.0,0.0,0.0,{C00685495},,C00685495,THE JANSON COMMITTEE OF HARLEM
P00008169,2020,"GAUL, CALEB",DEMOCRATIC PARTY,Challenger,P,0.0,0.0,0.0,{C00685867},,C00685867,CALEB GAUL FOR PRESIDENT
P00008177,2020,"LONG, STEVEN FLOYD",REPUBLICAN PARTY,Challenger,P,0.0,0.0,0.0,{C00685917},,C00685917,STEVEN LONG FOR PRESIDENT
P00008185,2020,"RICHEY, STEVEN ALLEN",LIBERTARIAN PARTY,Challenger,P,20000.00,4933.50,14790.71,{C00685974},2019-09-30 00:00:00,C00685974,STEVE RICHEY FOR PRESIDENT 2020
P00008193,2020,"HARDWICK, STETSON",DEMOCRATIC PARTY,Challenger,P,100.00,20.00,0.0,{C00686162},2019-07-15 00:00:00,C00686162,STETSON HARDWICKFOR PRESIDENT
P00008219,2020,"PRIDMORE, JAY P",NO PARTY AFFILIATION,Challenger,P,0.00,0.00,0.0,{C00685685},2019-10-21 00:00:00,C00685685,JAY P PRIDMORE FOR PRESIDENT
P00008284,2020,"PENNINGTON JR, MEREDITHE FLOYD",INDEPENDENT,Challenger,P,0.0,0.0,0.0,{C00688044},,C00688044,PENNINGTON FOR PRESIDENT
P00008342,2020,"COLLINSON, SEAN",INDEPENDENT,Challenger,P,0.00,0.00,5000.00,{C00683227},2019-06-30 00:00:00,C00683227,SEAN COLLINSON FOR PRESIDENT
P00008391,2020,"MCGURN, MATTHEW JAMES MR",NONE,Challenger,P,0.0,0.0,0.0,{C00688234},,C00688234,ELECT MATTHEW MCGURN FOR PRESIDENT
P00008425,2020,"TURNER, GARY C",DEMOCRATIC PARTY,Challenger,P,0.0,0.0,0.0,{C00688457},,C00688457,TURNER2020
P00008433,2020,"KARAFFA, DAVID AARON MR",INDEPENDENT,Challenger,P,0.0,0.0,0.0,{C00688630},,C00688630,DAVID KARAFFA FOR PRESIDENT
P00008441,2020,"HOPPER, JEREMIAH JAMES SR.",INDEPENDENT,Challenger,P,0.0,0.0,0.0,{C00691964},,C00691964,J.HOPPER SR. FOR THE PEOPLE
P00008490,2020,"HURST, WILLIAM JOSEPH",LIBERTARIAN PARTY,Challenger,P,0.0,0.0,0.0,{C00689539},,C00689539,WILLIAM HURST CAMPAIGN
P00008524,2020,"GLASS, ANGELA",INDEPENDENT,Challenger,P,0.00,0.00,0.00,{C00696062},2019-03-31 00:00:00,C00696062,ANGELA GLASS 2020
P00008532,2020,"BRADFORD, DAPHNE DENISE",DEMOCRATIC PARTY,Challenger,P,5792.07,1500.00,4292.07,{C00689885},2019-06-30 00:00:00,C00689885,DAPHNE FOR A REUNITED AMERICA
P00008565,2020,"HOWE, ALAN",DEMOCRATIC PARTY,Challenger,P,17573.52,16731.73,1173.31,{C00690842},2019-09-30 00:00:00,C00690842,HOWE DEFENDS AMERICA
P00008573,2020,"SIMPSON, GLENN SCOTT ALLISTAIR MR.",DEMOCRATIC PARTY,Challenger,P,0.00,11074.00,-17602.00,{C00692152},2019-09-30 00:00:00,C00692152,GLENN SCOTT ALLISTAIR SIMPSON
P00008623,2020,"MCMURRAY, JENNIFER",DEMOCRATIC PARTY,Challenger,P,0.0,0.0,0.0,{C00690875},,C00690875,JENNIFER MCMURRAY FOR PRESIDENT
P00008672,2020,"GRAY, JULIAN LAPAUL DECARLO",INDEPENDENT,Challenger,P,0.0,0.0,0.0,{C00691022},,C00691022,COMMITTEE FOR THE ELECTION OF JL GRAY FOR PRESIDENT
P00008680,2020,"YEANDLE, JENNIFER MS.",INDEPENDENT,Challenger,P,0.0,0.0,0.0,{C00691055},,C00691055,FRIENDS OF JENNIFER YEANDLE
P00008722,2020,"NICHOLS, CURT",GREEN PARTY,Challenger,P,0.0,0.0,0.0,{C00691188},,C00691188,CURT NICHOLS FOR PRESIDENT
P00008748,2020,"COX, ADRIAN J 1999",DEMOCRATIC PARTY,Challenger,P,0.0,0.0,0.0,{C00690941},,C00690941,ADRIAN COX
P00008763,2020,"OJEDA, RICHARD NEECE II",DEMOCRATIC PARTY,Challenger,P,119477.74,117475.76,2001.98,{C00691444},2019-09-30 00:00:00,C00691444,OJEDA FOR PRESIDENT
P00008797,2020,"SMALLEY, NADIA BAHIA",DEMOCRATIC PARTY,Challenger,P,0.0,0.0,0.0,"{C00691550,C00695577,C00695726}",,C00695726,NADIA BAHIA SMALLEY FOR PRESIDENT 2020
P00008839,2020,"PINKNEY BUTTS, REV PAMELA M",OTHER,Challenger,P,0.0,0.0,0.0,{C00691907},,C00691907,PINKNEY BUTTS USA
P00008854,2020,"ALLEN, DARCIE",INDEPENDENT,Challenger,P,0.0,0.0,0.0,{C00694646},,C00694646,DARCIE ALLEN FOR PRESIDENT 2020
P00008870,2020,"GALASKA, KEITH",,Challenger,P,0.0,0.0,0.0,{C00692665},,C00692665,KEITH GALASKA
P00008888,2020,"HAMBRICK, MICHAEL LAMONT MR. SR.",INDEPENDENT,Challenger,P,0.0,0.0,0.0,{C00692194},,C00692194,MICHAEL HAMBRICK FOR PRESIDENT COMMITTEE
P00008896,2020,"ARCELAY, SONIACARMEN",NO PARTY AFFILIATION,Challenger,P,0.0,0.0,0.0,{C00692236},,C00692236,STEWARDS4HUMANITY
P00008904,2020,"MALLORY, SHERRY T MS",DEMOCRATIC PARTY,Challenger,P,0.0,0.0,0.0,{C00692293},,C00692293,SHERRY T MALLORY FOR PRESIDENT
P00008912,2020,"SMITH SR, RAEFORD GAMELLE",INDEPENDENT,Challenger,P,0.0,0.0,0.0,{C00692350},,C00692350,EVERYONE FOR COMMON SENSE
P00008920,2020,"SCHLAKMAN, IAN",GREEN PARTY,Challenger,P,0.0,0.0,0.0,{C00690248},,C00690248,PEOPLE FOR IAN SCHLAKMAN
P00008938,2020,"HEWETT, DONALD GLENN MR",REPUBLICAN PARTY,Challenger,P,0.0,0.0,0.0,{C00698746},,C00698746,WE THE PEOPLE FOR DONALD HEWETT PRESIDENT
P00008946,2020,"POWERS, CHRISTIN NOEL MS.",DEMOCRATIC PARTY,Challenger,P,183394.00,121394.00,77108.00,{C00695429},2019-09-30 00:00:00,C00695429,CHRISTIN POWERS CAMPAIGN
P00008995,2020,"STEFANSSON, STEFAN KARL",DEMOCRATIC PARTY,Challenger,P,0.0,0.0,0.0,"{C00692699,C00692707}",,C00692699,COMMITTEE FOR STEFAN KARL
P00009019,2020,"MARZOCK, BRET MR.",INDEPENDENT,Challenger,P,0.0,0.0,0.0,{C00692780},,C00692780,THE COMMITTEE TO ELECT BRET MARZOCK
P00009084,2020,"STRIED, CHRISTOPHER",INDEPENDENT,Challenger,P,0.0,0.0,0.0,{C00693010},,C00693010,FULL STRIED AHEAD
P00009092,2020,"CASTRO, JULIAN",DEMOCRATIC PARTY,Challenger,P,7625531.23,6953197.74,672333.49,{C00693044},2019-09-30 00:00:00,C00693044,JULIAN FOR THE FUTURE
P00009126,2020,"GROSS, KENNETH BRUCE VAN DR.",UNAFFILIATED,Challenger,P,0.0,0.0,0.0,{C00693291},,C00693291,"FUSION CLINICAL MULTIMEDIA, INC.- KENNETH BRUCE VAN GROSS, M.D. FOR PRESIDENT"
P00009134,2020,"BEEBE, JORRAN LEE",DEMOCRATIC PARTY,Challenger,P,0.0,0.0,0.0,{C00693325},,C00693325,JORRAN 2020
P00009142,2020,"CLEVELAND, TAYLOR",INDEPENDENT AMERICAN PARTY,Challenger,P,0.0,0.0,0.0,{C00693523},,C00693523,TAYLOR CLEVELAND
P00009167,2020,"BRAINARD, CHRISTOPHER",REPUBLICAN PARTY,Challenger,P,101225.45,220.90,101004.55,{C00693820},2019-09-30 00:00:00,C00693820,FRIENDS OF CHRISTOPHER BRAINARD
P00009183,2020,"GABBARD, TULSI",DEMOCRATIC PARTY,Challenger,P,9095132.92,6956641.84,2138491.08,{C00693713},2019-09-30 00:00:00,C00693713,TULSI NOW
P00009191,2020,"OTT, MICHAEL JAMES MR.",INDEPENDENT,Challenger,P,995.20,461.08,534.12,{C00693747},2019-09-30 00:00:00,C00693747,MICHAEL JAMES OTT PRESIDENTIAL CANDIDATE UA
P00009209,2020,"SHACKETT, THOMAS JON",UNAFFILIATED,Challenger,P,0.0,0.0,0.0,{C00693754},,C00693754,THOMAS J SHACKETT FOR PRESIDENT
P00009217,2020,"ACKER, BRANDON W",DEMOCRATIC PARTY,Challenger,P,0.0,0.0,0.0,{C00693770},,C00693770,BRANDON ACKER FOR AMERICA
P00009225,2020,"SENEY, RAYMOND J",DEMOCRATIC PARTY,Challenger,P,2378.91,1998.71,380.20,{C00693697},2019-09-30 00:00:00,C00693697,RAY SENEY FOR PRESIDENT
P00009241,2020,"KNEIP, KODY ALLEN",REPUBLICAN PARTY,Challenger,P,0.0,0.0,0.0,{C00693804},,C00693804,KODY KNEIP 2020
P00009274,2020,"BERGFIELD, CRYSTAL",INDEPENDENT,Challenger,P,0.0,0.0,0.0,{C00693846},,C00693846,FRIENDS OF CRYSTAL BERGFIELD
P00009290,2020,"GILLIBRAND, KIRSTEN",DEMOCRATIC PARTY,Challenger,P,15919261.11,14364211.90,1555049.21,{C00694018},2019-09-30 00:00:00,C00694018,GILLIBRAND 2020
P00009308,2020,"MOLDAFSKY, ROBERT ION",DEMOCRATIC PARTY,Challenger,P,0.0,0.0,0.0,{C00694067},,C00694067,MOLDAFSKY FOR PRESIDENT
P00009373,2020,"KINCADE, ROSE",OTHER,Challenger,P,0.0,0.0,0.0,{C00694257},,C00694257,COMMITTEE FOR ROSE FOR PRESIDENT
P00009381,2020,"EDWARDS., JASENL LEMAR EXECUTOR.",UNKNOWN,Challenger,P,0.0,0.0,0.0,{C00694117},,C00694117,EDWARDS-4-AMERICA
P00009423,2020,"HARRIS, KAMALA D.",DEMOCRATIC PARTY,Challenger,P,36940238.03,26397546.30,10542691.73,{C00694455},2019-09-30 00:00:00,C00694455,KAMALA HARRIS FOR THE PEOPLE
P00009456,2020,"WILSON, KURTIS KING MR",DEMOCRATIC PARTY,Challenger,P,2800.00,2800.00,0.00,{C00694513},2019-09-30 00:00:00,C00694513,FRIENDS OF KURTIS WILSON
P00009480,2020,"DESUASIDO, IVAN-JAN CRUZ MR.",GREEN PARTY,Challenger,P,0.0,0.0,0.0,{C00694620},,C00694620,JIVAN IVAN
P00009506,2020,"FRASER, AARON",DEMOCRATIC PARTY,Challenger,P,0.0,0.0,0.0,{C00694745},,C00694745,AARON FRASER FOR PRESIDENT
P00009514,2020,"BITTAY-D'INTINO, CARRIE RN",DEMOCRATIC PARTY,Challenger,P,0.00,0.00,0.00,{C00694752},2019-03-31 00:00:00,C00694752,CARRIE FOR PRESIDENT 2020
P00009530,2020,"CHAVEZ, EMILIO REV JR",INDEPENDENT,Challenger,P,0.0,0.0,0.0,{C00694786},,C00694786,EMILIO CHAVEZ JR FOR PRESIDENT
P00009548,2020,"PRICE, CARROLL MONTAGUE MS./MR. JR.",DEMOCRATIC PARTY,Challenger,P,0.0,0.0,0.0,{C00694869},,C00694869,"CARROLL MONTAGUE PRICE, JR."
P00009563,2020,"AEBI, ESTHER CAROLINE",DEMOCRATIC PARTY,Challenger,P,0.0,0.0,0.0,{C00694885},,C00694885,CAROLINE AEBI
P00009589,2020,"TATE, ALEXANDRIA",REPUBLICAN PARTY,Challenger,P,0.0,0.0,0.0,{C00695015},,C00695015,2020 PRESIDENTIAL CANDIDATE COMMITTEE
P00009597,2020,"DELGADO, JIMMY DR",DEMOCRATIC PARTY,Challenger,P,0.0,0.0,0.0,{C00695031},,C00695031,COMMITTEE TO ELECT JIMMY DELGADO PRESIDENT
P00009605,2020,"DIETRICH, GEORGE WAYNE MR. II",DEMOCRATIC PARTY,Challenger,P,0.0,0.0,0.0,{C00695049},,C00695049,DIETRICH FOR PRESIDENT
P00009621,2020,"WARREN, ELIZABETH",DEMOCRATIC PARTY,Challenger,P,60339946.81,34622273.05,25717673.76,{C00693234},2019-09-30 00:00:00,C00693234,"WARREN FOR PRESIDENT, INC."
P00009647,2020,"HOLT, JOE KENNETH JR.",DEMOCRATIC PARTY,Challenger,P,0.0,0.0,0.0,{C00695155},,C00695155,"ELECT JOE KENNETH HOLT, JR. PRESIDENT OF THE UNITED STATES OF AMERICA"
P00009654,2020,"NANTKES, ANDRE",REPUBLICAN PARTY,Challenger,P,0.0,0.0,0.0,{C00695205},,C00695205,NEW RED WAVE
P00009662,2020,"HAAS, WILLIAM C (BILL)",DEMOCRATIC PARTY,Challenger,P,0.0,0.0,0.0,{C00695247},,C00695247,VOTEHAAS
P00009670,2020,"MERONEY, JAMES EDWIN",DEMOCRATIC PARTY,Challenger,P,0.0,0.0,0.0,{C00700864},,C00700864,AMERICANANSWERS.ORG/MERONEY
P00009688,2020,"VILLAGRANA, JOSE ARNOLD",DEMOCRATIC PARTY,Challenger,P,0.0,0.0,0.0,{C00695288},,C00695288,VILLAGRANA 2020 AMERICAN ETHICAL VISION
P00009696,2020,"BEHRMAN, DAN TAXATION IS THEFT",LIBERTARIAN PARTY,Challenger,P,34187.82,34187.82,0.00,{C00695320},2019-09-30 00:00:00,C00695320,COMMITTEE TO ELECT DAN TAXATION IS THEFT BEHRMAN
P00009704,2020,"OKUGO, CECILIA",DEMOCRATIC PARTY,Challenger,P,0.0,0.0,0.0,{C00695338},,C00695338,CECILIA OKUGO FOR PRESIDENT
P00009738,2020,"LITTLE, PATRICK",REPUBLICAN PARTY,Challenger,P,0.0,0.0,0.0,{C00695098},,C00695098,"CITIZENS FOR LITTLE, THE CENSORED CANDIDATE"
P00009761,2020,"ESTRADA, RAOUL A DR. MD. ESQ",OTHER,Challenger,P,0.0,0.0,0.0,{C00695262},,C00695262,DR RAOUL A ESTRADA MD ESQ
P00009787,2020,"COOPER, RICHARD D MR",DEMOCRATIC PARTY,Challenger,P,0.0,0.0,0.0,{C00706036},,C00706036,THE CHANGE FOR AMERICA
P00009795,2020,"BOOKER, CORY A.",DEMOCRATIC PARTY,Challenger,P,18494484.80,14270695.88,4223788.92,{C00695510},2019-09-30 00:00:00,C00695510,CORY 2020
P00009837,2020,"CAMP, JOEY ANTHONY",INDEPENDENT,Challenger,P,0.0,0.0,0.0,{C00695593},,C00695593,JOEY CAMP/ MATTHEW LOHNER FOR PRESIDENT 2020
P00009852,2020,"ALCANTARA, CARLOS ANTONIO",NONE,Challenger,P,0.0,0.0,0.0,{C00695650},,C00695650,CARLOS ALCANTARA FOR PRESIDENT
P00009886,2020,"CUSTIS, JOSEPH LEE MR JR",INDEPENDENT,Challenger,P,0.0,0.0,0.0,{C00695692},,C00695692,BLACK WALL STREET
P00009910,2020,"WILLIAMSON, MARIANNE",DEMOCRATIC PARTY,Challenger,P,6125025.00,5401293.43,723731.57,{C00696054},2019-09-30 00:00:00,C00696054,MARIANNE WILLIAMSON FOR PRESIDENT
P00009936,2020,"HARRISON, ALVIN",DEMOCRATIC PARTY,Challenger,P,0.0,0.0,0.0,{C00696005},,C00696005,ALVIN HARRISON FOR PRESIDENT
P00009951,2020,"PEPPE, JAMES",REPUBLICAN PARTY,Challenger,P,56501.00,27343.03,29157.97,{C00696120},2019-09-30 00:00:00,C00696120,PEPPE 2020
P00009969,2020,"WEISS, RAYNETTE KENNEDY",DEMOCRATIC PARTY,Challenger,P,0.0,0.0,0.0,{C00696138},,C00696138,RAYNETTE KENNEDY WEISS FOR PRESIDENT
P00009977,2020,"ATHANS, JAMES NO MIDDLE NAME JR.",DEMOCRATIC PARTY,Challenger,P,0.0,0.0,0.0,{C00693481},,C00693481,JIMATHANS4PRESIDENT
P00009993,2020,"ST LOUIS, STEPHANIE SIMON",DEMOCRATIC PARTY,Challenger,P,0.0,0.0,0.0,{C00696260},,C00696260,STEPHANIE FOR AMERICA
P00010033,2020,"VILLARI, TIMOTHY MICHAEL MR.",REPUBLICAN PARTY,Challenger,P,21205.24,0.00,12161.43,{C00696286},2019-09-30 00:00:00,C00696286,CITIZENS FOR TIM VILLARI
P00010041,2020,"BEGGARLY, MATTHEW THOMAS MR.",DEMOCRATIC PARTY,Challenger,P,0.0,0.0,0.0,{C00696302},,C00696302,MATT BEGGARLY CAMPAIGN FOR IDIOTS WHO VOTED FOR TRUMP
P00010058,2020,"KOVACS, CHARLES MR",NONE,Challenger,P,0.0,0.0,0.0,{C00696047},,C00696047,KOVACS ELECTION CAMPAIGN
P00010066,2020,"DIAZ, DENNIS A",INDEPENDENT,Challenger,P,0.0,0.0,0.0,{C00696914},,C00696914,DIAZ FOR PRESIDENT
P00010074,2020,"DOLIN, CHRISTOPHER RANDALL",DEMOCRATIC PARTY,Challenger,P,0.0,0.0,0.0,{C00696450},,C00696450,FRIENDS OF CHRIS DOLIN FOR PRESIDENT 2020
P00010082,2020,"GABRIEL, NAJAH KARIMA MS.",DEMOCRATIC PARTY,Challenger,P,0.0,0.0,0.0,{C00696641},,C00696641,FRIENDS OF NAJAH GABRIEL
P00010090,2020,"AVINA, CANDACE MARIE BATES",UNKNOWN,Challenger,P,25.00,25.00,25.00,{C00697516},2019-03-31 00:00:00,C00697516,THE SECRET COMMITTEE TO ELECT CANDACE
P00010108,2020,"LEFFERT, AKIVA",DEMOCRATIC PARTY,Challenger,P,1067.83,94.74,973.09,{C00696690},2019-09-30 00:00:00,C00696690,AKIVA FOR THE PEOPLE
P00010124,2020,"HUNTER, DARIO DAVID",GREEN PARTY,Challenger,P,14477.00,10986.15,3468.25,{C00697896},2019-09-30 00:00:00,C00697896,DARIO FOR AMERICA
P00010132,2020,"DUNLAP, JASON E SFC",DEMOCRATIC PARTY,Challenger,P,0.0,0.0,0.0,{C00696898},,C00696898,THE COMMITTEE TO PUT BACKBONE IN THE WHITEHOUSE (JASON DUNLAP)
P00010165,2020,"DEJEAN, KHISTINA CALDWELL",INDEPENDENT,Challenger,P,0.0,0.0,0.0,{C00697011},,C00697011,KHIS FOR PRESIDENT 2020 CHILSOM II KHISTINA CALDWELL DEJEAN
P00010173,2020,"MCGEE-SMITH KEARNEY, VANESSA",,Challenger,P,0.0,0.0,0.0,{C00697243},,C00697243,ON MY ROAD TO THE WHITE HOUSE THE COMMITTEE TO ELECT VANESSA MCGEE-SMITHKEARNEY FOR PRESID
P00010199,2020,"SCHOLTEN, NATHAN D.",INDEPENDENT,Challenger,P,0.0,0.0,0.0,{C00697086},,C00697086,NATHAN D. SCHOLTEN AND NATHANIEL J. MORGAN 2020
P00010207,2020,"BARNA, TYLER",DEMOCRATIC PARTY,Challenger,P,0.0,0.0,0.0,{C00697102},,C00697102,COMMITTEE TO ELECT TYLER BARNA FOR PRESIDENT
P00010223,2020,"WYATT, RACHEL CANDY MISS",INDEPENDENCE PARTY,Challenger,P,0.0,0.0,0.0,{C00697136},,C00697136,THE CANDY WYATT COMMITTEE
P00010231,2020,"HARTLIEP, BRAD",LIBERTARIAN PARTY,Challenger,P,0.00,0.00,0.00,{C00697169},2019-03-31 00:00:00,C00697169,BRAD HARTLIEP PAINT AMERICA LIBERTY
P00010256,2020,"HAIGOOD, RAYMOND",INDEPENDENT,Challenger,P,0.0,0.0,0.0,{C00697276},,C00697276,COMMITTEE TO ELECT RAYMOND HAIGOOD FOR PRESIDENT
P00010272,2020,"MASON DO (RET), DR. JOHN CHRISTIPHER",DEMOCRATIC PARTY,Challenger,P,0.0,0.0,0.0,{C00697284},,C00697284,DR JOHN CHRISTOPHER MASON DO (RET)
P00010298,2020,"BUTTIGIEG, PETE",DEMOCRATIC PARTY,Challenger,P,51549046.28,28170528.26,23378518.02,{C00697441},2019-09-30 00:00:00,C00697441,"PETE FOR AMERICA, INC."
P00010306,2020,"WHARTON, JEFFREY R MR.",REPUBLICAN PARTY,Challenger,P,0.0,0.0,0.0,{C00697532},,C00697532,WHARTON FOR PRESIDENT 2020
P00010330,2020,"LYNE, STEPHEN",INDEPENDENT,Challenger,P,0.0,0.0,0.0,"{C00696807,C00696849}",,C00696807,STEVE LYNE
P00010355,2020,"NOONAN, MICHAEL",DEMOCRATIC PARTY,Challenger,P,0.0,0.0,0.0,"{C00697797,C00697805}",,C00697805,NOTHING TO LOSE
P00010363,2020,"HOVIS, PETER ANTHONY",INDEPENDENT,Challenger,P,0.0,0.0,0.0,{C00705376},,C00705376,"PETER A HOVIS (I), AKA RJ HAMSTER FOR PRESIDENT IN 2020"
P00010371,2020,"WHIPPLE, KRISTA MARIE MS.",NO PARTY AFFILIATION,Challenger,P,0.0,0.0,0.0,{C00700443},,C00700443,CITIZENS FOR KRISTA WHIPPLE
P00010397,2020,"BURLINGAME, IAN INGALLS",INDEPENDENT,Challenger,P,0.0,0.0,0.0,{C00697565},,C00697565,MAMMALIAN ARCHIVISTS FOR IAN BURLINGAME; THE
P00010405,2020,"MICHAUD, PATRICK MICHAEL MR.",OTHER,Challenger,P,0.0,0.0,0.0,{C00697888},,C00697888,PATRICK MICHAUD FOR PRESIDENT
P00010421,2020,"MELGAREJO, HERNAN DR.",DEMOCRATIC PARTY,Challenger,P,0.0,0.0,0.0,{C00697904},,C00697904,DR. HERNAN MELGAREJO
P00010447,2020,"GUEST, TINA MARIE",UNKNOWN,Challenger,P,0.0,0.0,0.0,{C00697938},,C00697938,TINA GUEST KNOWS BEST
P00010454,2020,"INSLEE, JAY R",DEMOCRATIC PARTY,Challenger,P,6922717.11,6631300.05,291417.06,{C00698050},2019-09-30 00:00:00,C00698050,INSLEE FOR AMERICA
P00010488,2020,"GREEN, WEDNESDAY ALEXANDRA",DEMOCRATIC PARTY,Challenger,P,0.0,0.0,0.0,{C00698142},,C00698142,WEDNESDAY GREEN COMMON SENSE CAMPAIGN
P00010496,2020,"JONES, ARNOLD MATTHEW",DEMOCRATIC PARTY,Challenger,P,0.0,0.0,0.0,{C00692186},,C00692186,ARNOLD M JONES ELECTION COMMITTEE
P00010520,2020,"HICKENLOOPER, JOHN W.",DEMOCRATIC PARTY,Challenger,P,3508447.82,3500979.55,7468.27,{C00698258},2019-09-30 00:00:00,C00698258,HICKENLOOPER 2020
P00010538,2020,"COOPER, DERRICK WADELL",AMERICAN PEOPLE'S FREEDOM PARTY,Challenger,P,0.0,0.0,0.0,{C00698266},,,
P00010546,2020,"THOMAE, KEITH MD FACS",REPUBLICAN PARTY,Challenger,P,24.00,0.00,553.00,{C00698290},2019-04-01 00:00:00,C00698290,JES-US-THOMAE
P00010587,2020,"PIERCE, MARK ALLAN",DEMOCRATIC PARTY,Challenger,P,17756.75,10950.66,7112.67,{C00693788},2019-09-30 00:00:00,C00693788,FIERCEWITHPIERCE 2020
P00010603,2020,"GOODMAN, GRANT STEPHEN",WRITE-IN,Challenger,P,0.0,0.0,0.0,{C00726315},,C00726315,GRANT GOODMAN FOR PRESIDENT
P00010629,2020,"PETRO, IAN",INDEPENDENT,Challenger,P,0.0,0.0,0.0,{C00698381},,C00698381,PETRO COMMITTEE
P00010637,2020,"BROWN, ERIK",REPUBLICAN PARTY,Challenger,P,0.0,0.0,0.0,{C00698423},,C00698423,ERIK BROWN FOR PRESIDENT
P00010652,2020,"FONT, JOSE DR",DEMOCRATIC PARTY,Challenger,P,0.0,0.0,0.0,{C00698464},,C00698464,JOSE FONT FOR PRESIDENT
P00010660,2020,"MCCRAY, VALERIE LIN DR.",INDEPENDENT,Challenger,P,14491.00,15910.61,-1735.09,{C00697615},2019-09-30 00:00:00,C00697615,FRIENDS OF VALERIE MCCRAY
P00010678,2020,"ARDINI, ROBERT",REPUBLICAN PARTY,Challenger,P,0.0,0.0,0.0,{C00698480},,C00698480,ROBERT ARDINI FOR PRESIDENT
P00010710,2020,"ZIK, MAAYAN Z",DEMOCRATIC PARTY,Challenger,P,0.0,0.0,0.0,{C00699405},,C00699405,MAAYAN ZIK FOR LIFE AND LIBERTY
P00010769,2020,"MCCOLLUM, GREGORY D. MR SR.",UNAFFILIATED,Challenger,P,0.0,0.0,0.0,{C00699504},,C00699504,GREGORY D. MCCOLLUM SR. DOING IT JUST FOR THE LIGHT
P00010785,2020,"BROUGH, PAUL MATTHEW KING",INDEPENDENT,Challenger,P,0.0,0.0,0.0,{C00699033},,C00699033,PAUL BROUGH'S BOLDER DOERS
P00010793,2020,"O'ROURKE, ROBERT BETO",DEMOCRATIC PARTY,Challenger,P,17503275.07,14247545.20,3255729.87,{C00699090},2019-09-30 00:00:00,C00699090,BETO FOR AMERICA
P00010801,2020,"MITCHELL, DARIUS LA''RON",REPUBLICAN PARTY,Challenger,P,0.0,0.0,0.0,{C00699389},,C00699389,OUR TIME IS NOW MITCHELL 2020
P00010819,2020,"POLK, JAMES ALLEN",INDEPENDENT,Challenger,P,0.0,0.0,0.0,{C00699264},,C00699264,JAMES A POLK FOR PRESIDENT 2020
P00010827,2020,"MESSAM, WAYNE MARTIN",DEMOCRATIC PARTY,Challenger,P,93817.67,62666.23,31151.44,{C00699280},2019-09-30 00:00:00,C00699280,"WAYNE MESSAM FOR AMERICA, INC."
P00010835,2020,"BRADFORD, SCOTT",INDEPENDENT,Challenger,P,325.00,200.94,124.06,{C00699330},2019-09-30 00:00:00,C00699330,SCOTT BRADFORD FOR PRESIDENT LLC
P00010843,2020,"GILBERT, JOHN J",DEMOCRATIC PARTY,Challenger,P,0.0,0.0,0.0,{C00699645},,C00699645,GILBERT 2020
P00010876,2020,"TRAHAN, CHANCE BRADFORD MR",NON-PARTY,Challenger,P,6295.82,10953.75,0.00,{C00699652},2019-06-30 00:00:00,C00699652,CHANCE FOR PRESIDENT
P00010884,2020,"DUDZIAK, MARTIN JOSEPH DR. PHD",NO PARTY AFFILIATION,Challenger,P,0.0,0.0,0.0,{C00699587},,C00699587,MARTIN DUDZIAK FOR PRESIDENT
P00010900,2020,"ARANJO, ROLAND",GREEN PARTY,Challenger,P,2047.00,2016.03,30.97,{C00699686},2019-09-30 00:00:00,C00699686,ROLAND FOR PRESIDENT
P00010918,2020,"WARREN, M A",INDEPENDENT,Challenger,P,0.0,0.0,0.0,{C00699793},,C00699793,WARREN GX4P WARREN GENERATION X FOR PRESIDENT
P00010934,2020,"LIFFORD, WILLIAM A",WRITE-IN,Challenger,P,0.0,0.0,0.0,{C00699884},,C00699884,COMMITTEE TO ELECT WILLIAM LIFFORD
P00010967,2020,"ELLINGER, MICHAEL A",DEMOCRATIC PARTY,Challenger,P,0.0,0.0,0.0,{C00699983},,C00699983,MICHAEL E 2020
P00010975,2020,"ALIQUO, FRANZ MR.",DEMOCRATIC PARTY,Challenger,P,0.0,0.0,0.0,{C00700625},,C00700625,FRANZ ALIQUO: THE PEOPLE'$ VOICE
P00010983,2020,"ROBB, SAMUEL JOSPEH",LIBERTARIAN PARTY,Challenger,P,0.0,0.0,0.0,{C00700542},,C00700542,SAMROBB 2020
P00010991,2020,"BRADSHAW, MATTHEW EMBRY",INDEPENDENT,Challenger,P,0.0,0.0,0.0,{C00700096},,C00700096,MATTHEW E. BRADSHAW FOR PRESIDENT OF 2020
P00011015,2020,"BROWN, TYRONE DAWAYNE",INDEPENDENT,Challenger,P,0.0,0.0,0.0,{C00700112},,C00700112,TYRONE BROWN
P00011023,2020,"RUFF, KIMBERLY MARGARET",LIBERTARIAN PARTY,Challenger,P,5885.98,366.61,5519.37,{C00700138},2019-03-31 00:00:00,C00700138,COMMITTEE TO ELECT KIM RUFF
P00011031,2020,"RODRIGUEZ, NANCY ELIZABETH MS.",LIBERAL PARTY,Challenger,P,0.0,0.0,0.0,{C00700278},,C00700278,NANCY RODRIGUEZ  1ST:FAMILY (BRAND NOT A SOLGAN)
P00011049,2020,"TAMBURO, MARI",DEMOCRATIC PARTY,Challenger,P,0.0,0.0,0.0,{C00700401},,C00700401,MARI TAMBURO FOR POTUS
P00011056,2020,"FRAZEE, PHILIP",NONE,Challenger,P,0.0,0.0,0.0,{C00700351},,C00700351,ATOMIC BATTLE ANDROIDS FOR FYL FRAZEE
P00011064,2020,"SANDERS, JARMAL JABBAR REV.",NO PARTY AFFILIATION,Challenger,P,0.0,0.0,0.0,{C00700393},,C00700393,REV. JARMAL JABBAR SANDERS FOR PRESIDENT OF THE UNITED STATES OF AMERICA
P00011080,2020,"CHANEY, ROGER MR JR",DEMOCRATIC PARTY,Challenger,P,0.0,0.0,0.0,{C00700328},,C00700328,THE ROGER CHANEY COMMITTEE
P00011130,2020,"PRAVDA, COLE ALAN",REPUBLICAN PARTY,Challenger,P,0.0,0.0,0.0,{C00700302},,C00700302,BIG CHUNGUS
P00011163,2020,"DUKES, RICO CORTEZ",AMERICAN INDEPENDENT PARTY,Challenger,P,0.0,0.0,0.0,{C00700591},,C00700591,THEYFEARTRUTH
P00011171,2020,"GOOD, DUSTIN L",REPUBLICAN PARTY,Challenger,P,0.0,0.0,0.0,{C00700633},,C00700633,THE COMMITTEE FOR A STRONGER AMERICA
P00011189,2020,"HOWARD, SHAWN W",INDEPENDENT,Challenger,P,2825.00,253.30,2571.70,{C00701219},2019-09-30 00:00:00,C00701219,SHAWN HOWARD FOR PRESIDENT 2020
P00011213,2020,"COLOPY, TIMOTHY MATTHEW MR.",INDEPENDENT,Challenger,P,0.0,0.0,0.0,{C00700666},,C00700666,FUNZ
P00011221,2020,"LECKNER, ERIK",REPUBLICAN PARTY,Challenger,P,0.0,0.0,0.0,{C00700724},,C00700724,ERIK LECKNER PRESIDENTIAL COMMITTEE
P00011239,2020,"WELD, WILLIAM FLOYD (BILL)",REPUBLICAN PARTY,Challenger,P,1329280.84,1121237.05,208043.79,{C00700906},2019-09-30 00:00:00,C00700906,"WELD 2020 PRESIDENTIAL CAMPAIGN COMMITTEE, INC."
P00011247,2020,"CURTIS, DAVID",UNAFFILIATED,Challenger,P,273.00,273.00,0.00,{C00618124},2019-03-31 00:00:00,C00618124,DAVID CURTIS 2020
P00011254,2020,"GRAVEL, MAURICE ROBERT",DEMOCRATIC PARTY,Challenger,P,330059.27,229180.27,-13770.13,{C00700609},2019-09-30 00:00:00,C00700609,"COMMITTEE FOR PEACE, JUSTICE, AND MIKE GRAVEL"
P00011262,2020,"BELLE, ANITA EILEEN",DEMOCRATIC PARTY,Challenger,P,0.0,0.0,0.0,{C00701466},,C00701466,ANITA BELLE FOR PRESIDENT
P00011288,2020,"KIEHL, STUART LEE MR",DEMOCRATIC PARTY,Challenger,P,0.0,0.0,0.0,{C00701474},,C00701474,STUART KIEHL FOR PRESIDENT
P00011312,2020,"SWALWELL, ERIC MICHAEL",DEMOCRATIC PARTY,Challenger,P,2602439.44,2593289.29,9150.15,{C00701698},2019-09-30 00:00:00,C00701698,SWALWELL FOR AMERICA
P00011320,2020,"HICKS, ANDREW LEE",UNKNOWN,Challenger,P,45.00,0.00,45.00,{C00701854},2019-03-31 00:00:00,C00701854,THE PEOPLE FOR ANDREW HICKS 2020
P00011338,2020,"RYAN, TIMOTHY J.",DEMOCRATIC PARTY,Challenger,P,1315129.87,1156780.95,158348.92,{C00701979},2019-09-30 00:00:00,C00701979,TIM RYAN FOR AMERICA
P00011361,2020,"MARGOLIS, BARUCH",NO PARTY AFFILIATION,Challenger,P,0.0,0.0,0.0,"{C00702035,C00724393,C00724401}",,C00724401,BEAU FOR PRESIDENT
P00011379,2020,"PETE, VOICE OVER SIR",ACE PARTY,Challenger,P,0.0,0.0,0.0,{C00702068},,C00702068,THE MEME COMMITTEE
P00011395,2020,"EHRENREICH, RYAN STEPHEN",DEMOCRATIC PARTY,Challenger,P,0.0,0.0,0.0,{C00703512},,C00703512,RYAN 4 PREZ
P00011429,2020,"BROWN, DORIS J.W.",DEMOCRATIC PARTY,Challenger,P,0.0,0.0,0.0,{C00702233},,C00702233,DORIS J W BROWN FOR PRESIDENT 2020
P00011437,2020,"SCHRADER, STEPHEN JAMES",LIBERTARIAN PARTY,Challenger,P,0.00,0.00,0.0,{C00702316},2019-10-15 00:00:00,C00702316,STEPHEN JAMES SCHRADER FOR PRESIDENT 2020
P00011445,2020,"SMITH, ANTONIO T. JR.",INDEPENDENT,Challenger,P,1869.00,7223.80,-5354.80,{C00702340},2019-09-30 00:00:00,C00702340,ATS FOR PRESIDENT
P00011452,2020,"OLIVER, MALCOLM KHALID",DEMOCRATIC PARTY,Challenger,P,0.0,0.0,0.0,{C00702977},,C00702977,MALCOLM FOR AMERICA
P00011460,2020,"ROBERTS, TAYLOR MR.",UNAFFILIATED,Challenger,P,0.0,0.0,0.0,{C00703009},,C00703009,COMMITEE FOR TAYLOR ROBERTS PRESIDENCY
P00011478,2020,"KATZ, MICHAEL",DEMOCRATIC PARTY,Challenger,P,0.0,0.0,0.0,{C00703223},,C00703223,MIKE KATZ FOR PRESIDENT CAMPAIGN COMMITTEE
P00011486,2020,"MURPHY, ALFERD",PROGRESSIVE PARTY,Challenger,P,0.0,0.0,0.0,"{C00703249,C00708826}",,C00708826,ALFERD CARL MURPHY
P00011510,2020,"HARPER, JUSTIN",REPUBLICAN PARTY,Challenger,P,0.0,0.0,0.0,{C00703264},,C00703264,COMMITTEE TO JUSTIN HARPER
P00011528,2020,"LATHAM, CHARLENE YVETTE",REPUBLICAN PARTY,Challenger,P,0.0,0.0,0.0,{C00707455},,C00707455,LATHAM FOR PRESIDENT 2020
P00011569,2020,"753, JO",,Challenger,P,0.0,0.0,0.0,{C00631770},,C00631770,753 2020
P00011577,2020,"GAMMON, CONNIE",UNAFFILIATED,Challenger,P,0.0,0.0,0.0,{C00703728},,C00703728,GAMMON FOR PRESIDENT COMMITTEE
P00011619,2020,"PHILLIPS, JOHN R JR",LIBERTARIAN PARTY,Challenger,P,5343.17,5165.30,177.87,{C00703942},2019-06-30 00:00:00,C00703942,FRIENDS OF JOHN PHILLIPS JR
P00011635,2020,"DOUG, JENKINS",INDEPENDENT,Challenger,P,496.22,516.80,0.00,{C00704023},2019-09-15 00:00:00,C00704023,DOUG JENKINS
P00011643,2020,"KENNEDY, CODY MR.",INDEPENDENT,Challenger,P,0.00,0.00,0.00,{C00704221},2019-06-30 00:00:00,C00704221,KENNEDY 2020 CAMPAIGN
P00011650,2020,"COPE, DONALD R",INDEPENDENT,Challenger,P,0.0,0.0,0.0,{C00704296},,C00704296,DONALD R COPE
P00011668,2020,"DIMSDALE, TIMOTHY SAMMONS",INDEPENDENT CONSERVATIVE DEMOCRATIC,Challenger,P,0.0,0.0,0.0,"{C00704338,C00704346}",,C00704346,TIM FOR PRESIDENT COMMITTEE
P00011676,2020,"BOYLE, THOMAS JOSEPH MR.",DEMOCRATIC PARTY,Challenger,P,0.0,0.0,0.0,{C00704353},,C00704353,BRING AMERICA TO BOYLE - SUCCESS
P00011726,2020,"GLEIBERMAN, BEN",DEMOCRATIC PARTY,Challenger,P,64000.89,57200.39,7267.50,{C00704627},2019-09-30 00:00:00,C00704627,GLEIB 2020
P00011759,2020,"VOGEL-WALCUTT, JENNIFER",DEMOCRATIC PARTY,Challenger,P,12520.18,15179.55,12340.63,{C00704551},2019-09-30 00:00:00,C00704551,TEAM JJ USA
P00011767,2020,"PAUL, ADAM NICHOLAS",REPUBLICAN PARTY,Challenger,P,3717.61,3667.11,50.50,{C00704874},2019-09-30 00:00:00,C00704874,CITIZENS FOR ADAM NICHOLAS PAUL
P00011775,2020,"SHORTSHIT, MICHAEL TYLER",COMMUNIST PARTY,Challenger,P,0.0,0.0,0.0,{C00704940},,C00704940,
P00011783,2020,"SACKERMAN, KURT",DEMOCRATIC PARTY,Challenger,P,0.0,0.0,0.0,{C00706119},,C00706119,KURT FOR AMERICA'S VOICE
P00011791,2020,"HOROWITZ, AMI",DEMOCRATIC PARTY,Challenger,P,56859.22,56859.22,0.00,{C00705095},2019-07-31 00:00:00,C00705095,AMI FOR AMERICA
P00011833,2020,"BENNET, MICHAEL F.",DEMOCRATIC PARTY,Challenger,P,5622066.18,3758465.85,1863600.33,{C00705186},2019-09-30 00:00:00,C00705186,BENNET FOR AMERICA
P00011866,2020,"MOULTON, SETH",DEMOCRATIC PARTY,Challenger,P,2246777.55,2187344.20,59433.35,{C00704510},2019-09-30 00:00:00,C00704510,"SETH MOULTON FOR AMERICA, INC."
P00011874,2020,"MEIER, RHETT WILKINSON MR.",DEMOCRATIC PARTY,Challenger,P,0.0,0.0,0.0,{C00705392},,C00705392,RHETT MEIER FOR A BETTER AMERICA
P00011882,2020,"FEEGBEH, WILLIAM",UNKNOWN,Challenger,P,0.0,0.0,0.0,{C00705442},,C00705442,WILLIAM FEEGBEH
P00011890,2020,"JOHNSON, CHRISTOPHER LEE",REPUBLICAN PARTY,Challenger,P,0.0,0.0,0.0,{C00705418},,C00705418,CHRISTOPHER LEE JOHNSON FOR PRESIDENT FOR AN INDIVIDUAL AMERICA
P00011908,2020,"JOHNSON PENDLETON, CATHY DENISE",REPUBLICAN PARTY,Challenger,P,0.0,0.0,0.0,{C00706127},,C00706127,FRIENDS OF CATHY JOHNSON PENDLETON
P00011916,2020,"LEYVA, BENJAMIN JIMMY",UNKNOWN,Challenger,P,0.0,0.0,0.0,{C00706531},,C00706531,BEN LEYVA COMMITTEE
P00011924,2020,"CHAVEZ, RAMIE NICOLE",REPUBLICAN PARTY,Challenger,P,0.0,0.0,0.0,{C00706432},,C00706432,THE REPUBLICAN REBEL
P00011940,2020,"RIVES, JAMES",DEMOCRATIC PARTY,Challenger,P,0.0,0.0,0.0,{C00714642},,C00714642,JAMES COURTNEY RIVES FOR PRESIDENT
P00011999,2020,"BULLOCK, STEVE",DEMOCRATIC PARTY,Challenger,P,4372419.93,3006276.31,1366143.62,{C00706416},2019-09-30 00:00:00,C00706416,BULLOCK FOR PRESIDENT
P00012005,2020,"HALE, PAUL DOUGLAS MASON MR.",INDEPENDENT,Challenger,P,0.0,0.0,0.0,{C00706424},,C00706424,THE INDEPENDENT COMMITTEE TO ELECT PAUL DOUGLAS HALE
P00012021,2020,"MOORE, JAMIE",INDEPENDENT,Challenger,P,0.0,0.0,0.0,{C00706515},,C00706515,"JAMIE C MOORE FOR PRESIDENT, INC."
P00012039,2020,"CHARLES, MARK R.",INDEPENDENT,Challenger,P,34984.56,30694.47,4290.09,{C00706572},2019-09-30 00:00:00,C00706572,COMMITTEE TO ELECT MARK CHARLES FOR PRESIDENT
P00012047,2020,"VOHRA, ARVIN MR.",LIBERTARIAN PARTY,Challenger,P,0.0,0.0,0.0,{C00703405},,C00703405,VOHRA FOR LIBERTY
P00012054,2020,"DE BLASIO, BILL",DEMOCRATIC PARTY,Challenger,P,1417609.97,1374236.60,43373.37,{C00706697},2019-09-30 00:00:00,C00706697,DE BLASIO 2020
P00012088,2020,"BOWHALL, WILLIAM E. JUNIOR",WRITE-IN,Challenger,P,0.0,0.0,0.0,{C00706945},,,
P00012096,2020,"LANDINGHAM, MICHAEL D",DEMOCRATIC PARTY,Challenger,P,0.0,0.0,0.0,{C00706978},,C00706978,MICHAEL D LANDINGHAM FOR PRESIDENT
P00012104,2020,"ARMSTRONG, KENNETH REED",LIBERTARIAN PARTY,Challenger,P,13198.49,10625.55,2665.30,{C00708248},2019-09-30 00:00:00,C00708248,KEN ARMSTRONG FOR PRESIDENT 2020
P00012138,2020,"MCKINLEY, MICHAEL MR",DEMOCRATIC PARTY,Challenger,P,0.0,0.0,0.0,{C00707307},,C00707307,PRESIDENT MCKINLEY 2020
P00012146,2020,"NEWNAN, BRIAN DEAN",DEMOCRATIC PARTY,Challenger,P,1.00,2.00,0.00,"{C00707380,C00707406}",2019-06-30 00:00:00,C00707380,FRIENDS OF BRIAN NEWNAN FOR PRESIDENT 2020
P00012153,2020,"GERHARDT, ERIK CHASE",LIBERTARIAN PARTY,Challenger,P,0.00,18.00,82.00,{C00707414},2019-06-30 00:00:00,C00707414,ECG FOUNDATION
P00012161,2020,"HASTING, VECTOR PATH",DEMOCRATIC PARTY,Challenger,P,0.0,0.0,0.0,{C00707562},,C00707562,VECTOR HASTINGS FOR PRESIDENT
P00012187,2020,"SMITH, DWIGHT STANFORD",NONE,Challenger,P,0.00,0.00,0.00,{C00707802},2019-09-30 00:00:00,C00707802,DWIGHT SMITH'S CAMPAIGN FOR THE AMERICAN PEOPLE
P00012195,2020,"BODDIE-YASHUA, PRESIDENT R19",INDEPENDENT,Challenger,P,0.0,0.0,0.0,{C00707885},,C00707885,GOD PARTY 2020
P00012203,2020,"JENKINS, DEON D",DEMOCRATIC PARTY,Challenger,P,0.0,0.0,0.0,{C00585067},,C00585067,HIPHOP FOR PRESIDENT
P00012211,2020,"HAWKINS, HOWIE",GREEN PARTY,Challenger,P,59096.20,45855.05,13241.15,{C00708024},2019-09-30 00:00:00,C00708024,HOWIE HAWKINS 2020
P00012229,2020,"MARRON, DEBORAH ANN",REPUBLICAN PARTY,Challenger,P,0.0,0.0,0.0,{C00708032},,C00708032,DEBORAH ANN MARRON FOR REPUBLICAN PRESIDENT 2020
P00012245,2020,"JAMES, THOMAS",INDEPENDENT,Challenger,P,0.0,0.0,0.0,{C00709303},,C00709303,THOMAS JAMES FOR PRESIDENT MAKING WE THE PEOPLE MEAN SOMETHING AGAIN
P00012252,2020,"ALEAANDRIA-WILLIAMS, MARION LATROY MR.",DEMOCRATIC PARTY,Challenger,P,0.0,0.0,0.0,"{C00708438,C00708461}",,C00708438,COMMITTEE TO ELECT M.LATROY ALEXANDRIA-WILLIAMS PRESIDENT/USA
P00012278,2020,"BLEVINS, KENNETH",LIBERTARIAN PARTY,Challenger,P,0.00,185.16,814.84,{C00708586},2019-09-30 00:00:00,C00708586,BLEVINS FOR PRESIDENT
P00012286,2020,"PANCAKES, CHOCOLATE",REPUBLICAN PARTY,Challenger,P,0.0,0.0,0.0,{C00708602},,C00708602,CONNECTICUT PANCAKE COMMITTEE
P00012294,2020,"FRISHBERG, DANIEL SHOLOM",REPUBLICAN PARTY,Challenger,P,0.0,0.0,0.0,{C00707919},,C00707919,DANIELSHOLOMFRISHBERGFORPRESIDENT
P00012302,2020,"MCGUFFIN, JAMES DAWSON",DEMOCRATIC PARTY,Challenger,P,0.0,0.0,0.0,{C00708743},,C00708743,DAWSON MCGUFFIN FOR PRESIDENT
P00012310,2020,"SCHULTZ, FREDERIC",DEMOCRATIC PARTY,Challenger,P,0.0,0.0,0.0,{C00708800},,C00708800,FRED SCHULTZ JD FOR PRESIDENT 2020
P00012336,2020,"BASSETT, THOMAS",OTHER,Challenger,P,0.0,0.0,0.0,{C00708925},,C00708925,COMMITTEE TO ELECT THOMAS BASSETT FOR PRESIDENT
P00012344,2020,"MILLER, CLARA SUE",DEMOCRATIC PARTY,Challenger,P,0.0,0.0,0.0,{C00709121},,C00709121,CLARA SUE MILLER FOR PRESIDENT
P00012351,2020,"MUNGUS, HUGH LORD",COMMUNIST PARTY,Challenger,P,0.0,0.0,0.0,{C00709139},,C00709139,HUGH MUNGUS ASSOCIATION
P00012369,2020,"DECLEMENTS, DANIEL",REPUBLICAN PARTY,Challenger,P,0.0,0.0,0.0,{C00709154},,C00709154,DANIEL DECLEMENTS
P00012377,2020,COCAINE,UNKNOWN,Challenger,P,0.0,0.0,0.0,{C00709246},,C00709246,COCAINE FOR PRESIDENT
P00012385,2020,"MADRIGAL DE PANCHO VILLA, RAY",DEMOCRATIC PARTY,Challenger,P,0.0,0.0,0.0,"{C00709253,C00709626}",,C00709626,ELECT PANCHO VILLA FOR PRESIDENT
P00012393,2020,"COLLINS, NAZZARAE",DEMOCRATIC PARTY,Challenger,P,0.0,0.0,0.0,{C00710020},,C00710020,AMERICANS FOR NAZZARAE
P00012401,2020,"MIN, ANGELA JA YUNG MS.",REPUBLICAN PARTY,Challenger,P,0.0,0.0,0.0,{C00709428},,C00709428,CITIZENS FOR ANGELA MIN
P00012419,2020,"CASSIBA, SAMUEL",DEMOCRATIC PARTY,Challenger,P,0.0,0.0,0.0,{C00709402},,C00709402,SAMUEL CASSIBA FOR PRESIDENT
P00012427,2020,"MCINNIS, CHARLETA",DEMOCRATIC PARTY,Challenger,P,14742.43,11093.69,3648.74,{C00711812},2019-09-30 00:00:00,C00711812,CHARLETA MCINNIS FOR ALL OF US
P00012435,2020,"RUSSELL, CLINE 372867130504006 MR",DEMOCRATIC PARTY,Challenger,P,0.00,0.00,0.00,{C00709568},2019-07-05 00:00:00,C00709568,CLINERUSSELLFORPRESIDENT.COM
P00012443,2020,"MOSELEY, WILLIAM JON MR",INDEPENDENT,Challenger,P,0.0,0.0,0.0,{C00709824},,C00709824,MY COMMITTEE
P00012450,2020,"MOYER, SANDRA RICE",DEMOCRATIC PARTY,Challenger,P,0.0,0.0,0.0,{C00709931},,C00709931,MAMA FOR PRESIDENT
P00012468,2020,"CARSWELL, SAMUEL ALEXANDER MR",ALASKAN INDEPENDENCE PARTY,Challenger,P,0.0,0.0,0.0,{C00711952},,C00711952,NEOLIBERALISM IS EPIC
P00012476,2020,"BUENROSTRO ORTIZ, JUAN MANUEL",DEMOCRATIC PARTY,Challenger,P,0.0,0.0,0.0,{C00710046},,C00710046,JUAN M BUENROSTRO FOR PRESIDENT
P00012484,2020,"HAZZARD, SHANNON M",DEMOCRATIC PARTY,Challenger,P,0.0,0.0,0.0,{C00710095},,C00710095,SHANNON HAZZARD FOR PRESIDENT
P00012492,2020,"SUPREME, VERMIN LOVE",LIBERTARIAN PARTY,Challenger,P,18541.71,17197.04,1344.67,{C00706598},2019-09-30 00:00:00,C00706598,PONY UP FOR VERMIN SUPREME
P00012526,2020,"GARVEY, JOSEPH H. MR.",DEMOCRATIC PARTY,Challenger,P,0.0,0.0,0.0,{C00710269},,C00710269,PARTYPARTY
P00012534,2020,"EGGERUD-BOZORTH, EVAN CHRISTOPHER",DEMOCRATIC PARTY,Challenger,P,0.0,0.0,0.0,{C00710335},,C00710335,SWAG SWAG LIKE CAILLOU
P00012542,2020,"DEVAUGHN, CAD",INDEPENDENT AMERICAN PARTY,Challenger,P,0.0,0.0,0.0,{C00710350},,C00710350,PEOPLES RIGHTS COMMITTEE
P00012567,2020,"SESTAK, JOSEPH A JR",DEMOCRATIC PARTY,Challenger,P,374195.61,169634.43,204561.18,{C00710574},2019-09-30 00:00:00,C00710574,JOE SESTAK FOR PRESIDENT
P00012575,2020,"OTTINGER, KEITH",REPUBLICAN PARTY,Challenger,P,0.0,0.0,0.0,{C00710913},,C00710913,COMMITTEE TO ELECT KEITH OTTINGER
P00012609,2020,"WALKER, FRAN",REPUBLICAN PARTY,Challenger,P,0.0,0.0,0.0,{C00710806},,C00710806,FRAN WALKER
P00012617,2020,"SHELLY, PAUL M MR. JR",INDEPENDENT,Challenger,P,0.0,0.0,0.0,"{C00709972,C00712125}",,C00712125,FRIENDS OF PAUL SLUGGO SHELLY JR
P00012625,2020,"SUNDERBRUCH, NICHOLAS T",COMMUNIST PARTY,Challenger,P,0.0,0.0,0.0,{C00710921},,C00710921,COMMITEE OF COMMUNISM IN FLORIDA
P00012641,2020,"KAUFER, JACOB",OTHER,Challenger,P,0.0,0.0,0.0,{C00711267},,C00711267,JACOB'S COMMITTEE
P00012658,2020,"PETER, JOSHUA THOMAS MR.",DEMOCRATIC PARTY,Challenger,P,0.0,0.0,0.0,{C00713586},,C00713586,PETER FOR AMERICA
P00012674,2020,"LYNCH, LORRAINE F.",LIBERTARIAN PARTY,Challenger,P,0.0,0.0,0.0,{C00711895},,C00711895,LORRAINE F. LYNCH - PRESIDENT
P00012708,2020,"KAWCZYNSKI, TOM",REPUBLICAN PARTY,Challenger,P,0.00,0.00,0.00,{C00711606},2019-09-30 00:00:00,C00711606,CITIZENS FOR TOM KAWCZYNSKI
P00012716,2020,"STEYER, TOM",DEMOCRATIC PARTY,Challenger,P,49645131.61,47021989.49,2623142.12,{C00711614},2019-09-30 00:00:00,C00711614,TOM STEYER 2020
P00012732,2020,"ABRAMSON, MAX",LIBERTARIAN PARTY,Challenger,P,0.0,0.0,0.0,{C00723262},,C00723262,MAX ABRAMSON 2020
P00012740,2020,"HILL, JEDIDIAH",LIBERTARIAN PARTY,Challenger,P,0.0,0.0,0.0,{C00711770},,C00711770,FRIENDS OF JEDIDIAH
P00012765,2020,"LO, ERLYNDON",DEMOCRATIC PARTY,Challenger,P,0.0,0.0,0.0,"{C00711879,C00713685}",,C00713685,ERLYNDON JOSEPH LO FOR PRESIDENT OF THE UNITED STATES OF AMERICA
P00012773,2020,"CHURILLA, JASON EDWARD",DEMOCRATIC PARTY,Challenger,P,0.0,0.0,0.0,{C00712604},,C00712604,JASON FOR PRESIDENT
P00012799,2020,"BELLAR, BARBARA RUTH DR.",REPUBLICAN PARTY,Challenger,P,0.0,0.0,0.0,{C00725796},,C00725796,CITIZENS FOR BELLAR AS PRESIDENT
P00012807,2020,"HILLIKER, OSCAR BERT",INDEPENDENCE PARTY,Challenger,P,0.0,0.0,0.0,{C00712562},,C00712562,OSCAR B. HILLIKER FOR PRESIDENT
P00012815,2020,"VESTERMARK, JAMES A",REPUBLICAN PARTY,Challenger,P,0.0,0.0,0.0,{C00712307},,C00712307,JAMES A VESTERMARK FOR PRESIDENT
P00012823,2020,"KA'ANA'ANA, CARMEN KU'ULEIALOHA PRINCE",INDEPENDENT,Challenger,P,0.0,0.0,0.0,{C00712505},,C00712505,PRINCESS CARMEN FOR PRESIDENT
P00012849,2020,"BECKMAN, DALE ARTHUR JR.",INDEPENDENT,Challenger,P,0.0,0.0,0.0,{C00712984},,C00712984,DBJFORPRESIDENT
P00012856,2020,"KOSTREBA, SYDIA",AMERICAN INDEPENDENT PARTY,Challenger,P,0.0,0.0,0.0,{C00712802},,,
P00012872,2020,"DOWNARD, JEFFREY BRIAN DR.",REPUBLICAN PARTY,Challenger,P,0.0,0.0,0.0,{C00713065},,C00713065,JEFF DOWNARD FOR PRESIDENT OF THE UNITED STATES
P00012880,2020,"OSTERBACH, RACHEL PEGGY",OTHER,Challenger,P,0.0,0.0,0.0,{C00713180},,C00713180,COMMITTEE TO ELECT RACHEL OSTERBACH
P00012906,2020,"STEPHENS, BRAD COLLINS",INDEPENDENT,Challenger,P,0.0,0.0,0.0,{C00699397},,C00699397,BRAD STEPHENS FOR PRESIDENT
P00012922,2020,"BARNES, AUDWIN AUGUSTUS",OTHER,Challenger,P,0.0,0.0,0.0,{C00711507},,C00711507,MIDDLEGROUND PARTY REPRESENTING AUDWIN AUGUSTUS
P00012948,2020,"WALDRIP, GABRIEL ROBERT SIR",COMMUNIST PARTY,Challenger,P,0.0,0.0,0.0,{C00714162},,C00714162,SDHS
P00012955,2020,"PHIPPS, BRADYN MR.",REPUBLICAN PARTY,Challenger,P,0.0,0.0,0.0,{C00714196},,C00714196,"MR, BRADYN PHIPPS"
P00012963,2020,"GASKILL, WILLIAM REECE",REPUBLICAN PARTY,Challenger,P,0.0,0.0,0.0,{C00714212},,C00714212,"GASKILL FOR PRESIDENT, INC."
P00013037,2020,"INVICTUS, AUGUSTUS",REPUBLICAN PARTY,Challenger,P,0.0,0.0,0.0,{C00715706},,C00715706,"AUGUSTUS INVICTUS FOR PRESIDENT, INC"
P00013052,2020,"THOMAS, OATICE MITCHELL MR.",REPUBLICAN PARTY,Challenger,P,0.0,0.0,0.0,"{C00715003,C00715011}",,C00715011,OATICE THOMAS
P00013060,2020,"LENNY, KENNY MR.",COMMANDMENTS PARTY,Challenger,P,0.0,0.0,0.0,{C00715128},,C00715128,PRINCIPAL COMMITTEE ON ESTABLISHING PROLETARIAN ATHEISM
P00013094,2020,"MOYOWASIFZA-CURRY, SEDINAM KINAMO CHRISTIN",GREEN PARTY,Challenger,P,0.0,0.0,0.0,{C00715292},,C00715292,SEDINAM2020
P00013102,2020,"HUMPHREY, BRIAN ANDREW",OTHER,Challenger,P,0.0,0.0,0.0,{C00715276},,C00715276,AMERICA FIRST
P00013136,2020,"SAIDE.JR., AHMAD",NONE,Challenger,P,0.0,0.0,0.0,"{C00716167,C00716175}",,C00716175,AHMAD SAIDE JR
P00013151,2020,"ODOM, WANDA MS.",REPUBLICAN PARTY,Challenger,P,0.0,0.0,0.0,{C00715979},,C00715979,WANDA ODOM FOR PRESIDENT
P00013169,2020,"GREER, EVRET JUSIN",LIBERTARIAN PARTY,Challenger,P,0.0,0.0,0.0,{C00715995},,C00715995,CAMPAIGN COMMITTEE TO ELECT EVRET J GREER
P00013177,2020,"ZATOR, ERIC STEPHEN",,Challenger,P,0.0,0.0,0.0,{C00716118},,,
P00013185,2020,"LAMBERT, DENNIS",GREEN PARTY,Challenger,P,1696.18,576.02,1120.16,{C00716266},2019-09-30 00:00:00,C00716266,DENNIS LAMBERT FOR PRESIDENT 2020
P00013193,2020,"CLARK, OREN SALOMON",UNKNOWN,Challenger,P,0.0,0.0,0.0,{C00716209},,C00716209,OREN CLARK FOR PRESIDENT
P00013201,2020,"BOYD, MOSEMARIE DORA (""MOSIE"")",DEMOCRATIC PARTY,Challenger,P,3409.57,1753.02,1656.55,{C00716431},2019-09-30 00:00:00,C00716431,COMMITTEE TO ELECT MOSIE BOYD
P00013219,2020,"MATHEWS, JONATHAN DAVID MR",REPUBLICAN PARTY,Challenger,P,0.0,0.0,0.0,{C00716647},,C00716647,COMMITTEE TO ELECT JONATHAN DAVID MATHEWS FOR PRESIDENT OF THE UNITED STATES
P00013235,2020,"RAY.W.ALLENJREMMAKIM-TASH, SUNOKELIJAH",INDEPENDENT,Challenger,P,0.0,0.0,0.0,{C00716712},,,
P00013243,2020,"LABITAN, CESAR BUD MIKELS JR. MD MBA",INDEPENDENT,Challenger,P,0.0,0.0,0.0,{C00717264},,C00717264,"COMMITTEE TO ELECT BUD LABITAN, PRESIDENT"
P00013268,2020,"LAU, JOANNA",DEMOCRATIC PARTY,Challenger,P,0.0,0.0,0.0,{C00716985},,C00716985,FRIENDS OF JOANNA LAU
P00013276,2020,"WALSH, JOE",REPUBLICAN PARTY,Challenger,P,234991.50,119561.80,115429.70,{C00717033},2019-09-30 00:00:00,C00717033,WALSH FOR PRESIDENT
P00013284,2020,"DUNHAM, KEENAN WALLACE",LIBERTARIAN PARTY,Challenger,P,0.0,0.0,0.0,{C00717173},,C00717173,KEENAN WALLACE DUNHAM FOR PRESIDENT 2020
P00013292,2020,"ROLDE, DAVID",GREEN PARTY,Challenger,P,0.0,0.0,0.0,{C00717371},,C00717371,DAVID ROLDE 2020
P00013318,2020,"LANDI, KEITH STEPHEN",DEMOCRATIC PARTY,Challenger,P,0.0,0.0,0.0,{C00717488},,C00717488,"HAPPYHEALER FOR PRESIDENT, INC"
P00013326,2020,"MCHUGH, JOE",DEMOCRATIC PARTY,Challenger,P,0.0,0.0,0.0,"{C00717496,C00717504}",,C00717504,JOE MCHUGH FOR PRESIDENT EXPLORATORY COMMITTEE
P00013334,2020,"REICH, JOSHUA",INDEPENDENT,Challenger,P,0.0,0.0,0.0,{C00717512},,C00717512,REICH FOR AMERICA
P00013375,2020,"ESTEPP, AMANDA",INDEPENDENT,Challenger,P,0.0,0.0,0.0,{C00718007},,C00718007,AMANDA ESTEPP
P00013383,2020,"FLYNN, JOHN",REPUBLICAN PARTY,Challenger,P,0.0,0.0,0.0,{C00718080},,C00718080,FLYNN2020
P00013425,2020,"GRUNDMANN, DON J",CONSTITUTION PARTY,Challenger,P,0.0,0.0,0.0,{C00718452},,C00718452,GRUNDMANN FOR PRESIDENT
P00013433,2020,"WHITNEY, ELLERTON PRATT MARK MR. III",NONE,Challenger,P,0.0,0.0,0.0,{C00718569},,C00718569,WHITNEY 2020 INC.
P00013441,2020,"MCKEE, TRAVIS W",REPUBLICAN PARTY,Challenger,P,0.0,0.0,0.0,{C00718619},,C00718619,TMAC NOW
P00013466,2020,"MYERS, JOHN",AMERICAN INDEPENDENT PARTY,Challenger,P,0.0,0.0,0.0,{C00718726},,C00718726,AMERICANS FOR J.R.MYERS
P00013482,2020,"HORN, LAWRENCE ROBERT",REPUBLICAN PARTY,Challenger,P,5020.00,0.00,5020.00,{C00718072},2019-09-30 00:00:00,C00718072,LAR FOR PRESIDENT COMMITEE
P00013490,2020,"GAMBINO, CRUSIFICIO AARON EVERETT MR.",NO PARTY AFFILIATION,Challenger,P,0.0,0.0,0.0,{C00718874},,C00718874,MINNESOTANS FOR CHANGE
P00013516,2020,"WARREN, LUKE",DEMOCRATIC PARTY,Challenger,P,0.0,0.0,0.0,{C00719005},,C00719005,LUKEWAR2020
P00013524,2020,"JORGENSEN, JO",LIBERTARIAN PARTY,Challenger,P,6085.20,960.80,5124.40,{C00718031},2019-09-30 00:00:00,C00718031,JO JORGENSEN FOR PRESIDENT
P00013532,2020,"WILLIAMS, GUS MR.",DEMOCRATIC PARTY,Challenger,P,0.0,0.0,0.0,{C00722066},,C00722066,GUS WILLIAMS 2020
P00013573,2020,"LYONS SR, STEPHEN PATRICK",REPUBLICAN PARTY,Challenger,P,0.0,0.0,0.0,{C00719385},,C00719385,STEPHEN LYONS FOR PRESIDENT
P00013581,2020,"WYSINGER, DEMETRA JEFFERSON",LIBERTARIAN PARTY,Challenger,P,0.0,0.0,0.0,{C00719492},,C00719492,ASK WY 2020 CAMPAIGN COMMITTEE
P00013615,2020,"CARY, CJ L MR.",REPUBLICAN PARTY,Challenger,P,0.0,0.0,0.0,{C00720003},,C00720003,J.P.A.C (FOR HIS SAKE-JESUS POLITICAL ACTION COMMITTEE)
P00013631,2020,"TAYLOR, HORACE DONALD",INDEPENDENT,Challenger,P,150.00,0.00,150.00,{C00720391},2019-09-30 00:00:00,C00720391,CAMPAIGN TO ELECT HORACE
P00013649,2020,"SANFORD, MARSHALL HON",REPUBLICAN PARTY,Challenger,P,66968.40,2354.49,1392405.28,{C00285254},2019-09-30 00:00:00,C00285254,SANFORD 2020
P00013664,2020,"GUNTER, JOHN CLYDE",DEMOCRATIC PARTY,Challenger,P,0.00,0.00,0.00,{C00720144},2019-09-30 00:00:00,C00720144,2020 VISION: JOHN GUNTER FOR PRESIDENT
P00013680,2020,"HAMRICK, JOSEPH E JR",NO PARTY AFFILIATION,Challenger,P,0.0,0.0,0.0,{C00720268},,C00720268,NICE GRANDPA SEEKS RENT-FREE DC HOME
P00013698,2020,"ELWORTH, MARK JR",OTHER,Challenger,P,230.00,0.00,230.00,{C00720292},2019-09-30 00:00:00,C00720292,ELWORTH/REYES 2020
P00013706,2020,"SEGAL, JEROME MICHAEL",OTHER,Challenger,P,20003.00,6648.25,13354.75,{C00720359},2019-09-30 00:00:00,C00720359,SEGAL FOR PRESIDENT
P00013714,2020,"DAVIS, RACHEL",CONSTITUTION PARTY,Challenger,P,0.0,0.0,0.0,{C00720466},,C00720466,RACHEL DAVIS FOR PRESIDENT 2020/2024
P00013722,2020,"SHADLE, GREGGORY SR.",DEMOCRATIC PARTY,Challenger,P,0.0,0.0,0.0,{C00720102},,C00720102,SHADLE 4 PRESIDENT
P00013730,2020,"DIGGS, WANDA LYNNE",UNKNOWN,Challenger,P,140.00,100.00,1180.00,{C00720664},2019-10-15 00:00:00,C00720664,LET'S GO !!!
P00013748,2020,"HEPPNER, DUANE LEE MR",GREEN PARTY,Challenger,P,0.0,0.0,0.0,{C00720961},,C00720961,NUEARTH
P00013763,2020,"PLANTE, ROBIN ANN MRS",UNAFFILIATED,Challenger,P,0.0,0.0,0.0,{C00721159},,C00721159,ROBIN PLANTE
P00013771,2020,"CARROLL, BRIAN T",NO PARTY AFFILIATION,Challenger,P,0.0,0.0,0.0,{C00713172},,C00713172,SOLIDARITY COMMITTEE TO ELECT BRIAN CARROLL
P00013805,2020,"HOLTON, LORI ANNE MS.",INDEPENDENT,Challenger,P,0.0,0.0,0.0,{C00722728},,C00722728,FRIENDS OF LORI HOLTON
P00013839,2020,"KRUPKIN, ALEX",OTHER,Challenger,P,0.0,0.0,0.0,{C00722090},,C00722090,KRUPKIN 2020
P00013870,2020,"LIFE, CHRISTOPHER",WRITE-IN,Challenger,P,0.0,0.0,0.0,{C00722421},,C00722421,LIFE2020
P00013904,2020,"HOWARD, ADRIENNE",DEMOCRATIC PARTY,Challenger,P,533.53,0.00,18.00,{C00724054},2019-10-20 00:00:00,C00724054,ADRIENNE HOWARD FOR PRESIDENT
P00013920,2020,"ROCKEFELLER, MEHAL DUKE",REPUBLICAN PARTY,Challenger,P,0.0,0.0,0.0,{C00722751},,C00722751,DUKE MEHAL ROCKEFELLER
P00013938,2020,"GRANT, PATRICIA ANN DR.",DEMOCRATIC PARTY,Challenger,P,0.0,0.0,0.0,{C00722819},,C00722819,DR. PATRICIA A. GRANT PRESIDENT 2020 CAMPAIGN COMMITTEE INC.
P00013987,2020,"ZION, JOHANNON BEN",INDEPENDENT,Challenger,P,0.0,0.0,0.0,{C00723726},,C00723726,COMMITTEE TO ELECT JOHANNON BEN ZION
P00014001,2020,"WOODYER, MICHAEL BRADLEY",INDEPENDENT,Challenger,P,0.0,0.0,0.0,{C00723825},,C00723825,MICHAEL BRADLEY WOODYER
P00014035,2020,"BILLER, NICHOLAS ASHTON",INDEPENDENT,Challenger,P,0.0,0.0,0.0,{C00723643},,C00723643,NICHOLAS BILLER COMMITTEE
P00014043,2020,"LEA, BRANDIN P",LIBERTARIAN PARTY,Challenger,P,0.0,0.0,0.0,{C00723981},,C00723981,LIBERTARIAN NATIONAL CAMPAIGN COMMITTEE
P00014068,2020,"HALCOMB, ANASTASIA JOVE'",INDEPENDENT,Challenger,P,0.0,0.0,0.0,{C00725432},,C00725432,ANASTASIA HALCOMB FOR PRESIDENT
P00014076,2020,"VITATEAUX, KRISJIAN",OTHER,Challenger,P,0.0,0.0,0.0,{C00725077},,C00725077,VITTATO IS FOR U.S.
P00014084,2020,"OF GALAR, FETCHED SIR",INDEPENDENT,Challenger,P,0.0,0.0,0.0,{C00724534},,C00724534,ROYAL COURT OF GALAR
P00014092,2020,"BURD, ZACHARY",REPUBLICAN PARTY,Challenger,P,0.0,0.0,0.0,{C00699223},,C00699223,ZACHARY BURD FOR PRESIDENT
P00014126,2020,"MEDEIROS, JOHN MANIMAS MR.",WRITE-IN,,P,0.0,0.0,0.0,{C00724898},,C00724898,JOHN MANIMAS CAMPAIGN
P00014142,2020,"TERNAY, ANDRW CHRISTOPHER",UNAFFILIATED,,P,0.0,0.0,0.0,{C00724864},,C00724864,ANDY TERNAY WANTS YOU TO VOTE FOR THE DEMOCRATIC NOMINEE FOR PRESIDENT IN 2020
P00014159,2020,"KRAUT, CHARLES WILLIAM",CONSTITUTION PARTY,,P,0.0,0.0,0.0,{C00724757},,C00724757,CHARLES KRAUT 2020 CAMPAIGN
P00014167,2020,"MCPROGRESSIVE, NORMAL",INDEPENDENT,,P,0.0,0.0,0.0,{C00586024},,C00586024,
P00014175,2020,"HORNBERGER, JACOB GEORGE MR.",LIBERTARIAN PARTY,,P,0.0,0.0,0.0,{C00725010},,C00725010,JACOB HORNBERGER FOR PRESIDENT CAMPAIGN COMMITTEE
P00014183,2020,"VITTATO, KRISJIANNIS",OTHER,,P,0.0,0.0,0.0,{C00725077},,C00725077,VITTATO IS FOR U.S.
P00014191,2020,"CHRISTMANN, DANIEL JOHN",LIBERTARIAN PARTY,,P,0.0,0.0,0.0,{C00725275},,C00725275,CHRISTMANN FOR PRESIDENT
P00014209,2020,"BLANKENSHIP, DON",CONSTITUTION PARTY,,P,0.0,0.0,0.0,{C00725309},,C00725309,DON BLANKENSHIP FOR PRESIDENT
P00014274,2020,"FEHRMAN, BRIAN CHRISTOPHER",INDEPENDENT,,P,0.0,0.0,0.0,{C00726356},,C00726356,FEHRMANS FOR PRESIDENT
P20001376,2020,"RICHARDSON, DARCY G",REFORM PARTY,Challenger,P,0.0,0.0,0.0,{C00713677},,C00713677,RICHARDSON FOR PRESIDENT COMMITTEE
P20002481,2020,"RAMOS, LUIS ALBERTO JR",DEMOCRATIC PARTY,,P,0.0,0.0,0.0,{C00492694},,C00492694,RAMOS FOR AMERICA
P20002630,2020,"TITTLE, SHEILA SAMM MPRESIDENT",INDEPENDENT,Challenger,P,75090.83,66727.42,8363.41,{C00495069},2019-10-02 00:00:00,C00495069,MADAME PRESIDENT TITTLE
P20003174,2020,"SPONHEIM, DAVID JON",OTHER,Open seat,P,344.64,1355.39,2234.67,{C00499723},2019-09-30 00:00:00,C00499723,DAVID JON SPONHEIM FOR PRESIDENT
P20003315,2020,"RICE, DAVID MICHAEL",REPUBLICAN PARTY,Challenger,P,0.0,0.0,0.0,{C00708198},,C00708198,LORD GOD RICECHILDS THEOCRATIC GOVERMENT RICE TOWN CITY USA
P20003349,2020,"JORDAN, ROBERT",DEMOCRATIC PARTY,Challenger,P,0.0,0.0,0.0,{C00712042},,C00712042,ROBERTJORDAN2020.COM
P20004081,2020,"CHRISTENSON, DAVID ANDREW",NONE,Open seat,P,0.0,0.0,0.0,"{C00611822,C00697060}",,C00697060,THE RELUCTANT PATRIOT DAVID ANDREW CHRISTENSON (TRPDAC2)
P20004099,2020,"WHEELOCK, TERRY WAYNE",INDEPENDENT,Challenger,P,0.00,0.00,0.00,{C00506402},2019-06-30 00:00:00,C00506402,VOTE WHEELOCK 2020
P20004768,2020,"JACOB-FAMBRO, PRINCESS KHADIJAH M",DEMOCRATIC PARTY,,P,0.0,0.0,0.0,{C00628776},,C00628776,PRINCESS FOR PRESIDENT 2020
P20004818,2020,"O'NEILL, PAUL ROBERT",UNKNOWN,Challenger,P,0.0,0.0,0.0,{C00708610},,C00708610,PRO 2020
P20004909,2020,"SANDERA, ROBERT WILLIAM",DEMOCRATIC PARTY,Challenger,P,0.0,0.0,0.0,{C00520304},,C00520304,ROBERT SANDERA FOR PRESIDENT COMMITTEE
P20005229,2020,"SHREFFLER, DOUG (I)",DEMOCRATIC PARTY,Open seat,P,0.00,9000.00,-4500.00,{C00532663},2019-06-30 00:00:00,C00532663,DOUG SHREFFLER DEMOCRAT AND THE NEXT PRESIDENT OF THE UNITED STATES I
P20005427,2020,"RINCON, MARY JUNE",INDEPENDENT,Challenger,P,0.0,0.0,0.0,{C00654228},,,
P40002461,2020,"BECK, SANDERSON",DEMOCRATIC PARTY,Challenger,P,0.0,0.0,0.0,{C00692582},,C00692582,BECK FOR PRESIDENT
P40002909,2020,"BUKEWIHGE, EDIE",DEMOCRATIC PARTY,Challenger,P,0.0,0.0,0.0,{C00388512},,,
P40003170,2020,"ASHBY, STEPHAN BLAKE",INDEPENDENT,Challenger,P,0.0,0.0,0.0,{C00716092},,C00716092,COMMITTEE TO ELECT BLAKE ASHBY
P40003220,2020,"WILDMAN, ANDREW JAYE",INDEPENDENT,Challenger,P,0.0,0.0,0.0,{C00662478},,C00662478,A J WILDMAN FOR PRESIDENT COMMITTEE
P40003584,2020,"CAVANAGH, ERIC SCOTT",REPUBLICAN PARTY,Challenger,P,0.0,0.0,0.0,{C00564880},,C00564880,AMERICAN PROGRESSIVE COMMITTEE-ERIC SCOTT CAVANAGH
P60003175,2020,"KALEMKARIAN, TIMOTHY CHARLES",REPUBLICAN PARTY,Challenger,P,0.0,0.0,0.0,"{C00492892,C00541896}",,C00541896,TIM KALEMKARIAN P20 COMMITTEE
P60004322,2020,"OGLE, JAMES ORLANDO III",LIBERTARIAN PARTY,Challenger,P,0.0,0.0,0.0,{C00708008},,C00708008,GO OGLE 2020 THE LIBERTARIAN ONE
P60004983,2020,"SCRIGNA, ANGELO YOSHANNAH",INDEPENDENT,Challenger,P,0.0,0.0,0.0,{C00653527},,C00653527,ANGELO YOSHANNAH SCRIGNA PRESIDENTIAL CAMPAIGN
P60004991,2020,"LLOYD, JUNE LA'GAY",INDEPENDENT,Challenger,P,0.00,0.00,0.00,{C00550111},2019-10-15 00:00:00,C00550111,JUNE LLOYD ORGANIZING AMERICA 2020
P60005170,2020,"SCHIESS, JOHN T",REPUBLICAN PARTY,Challenger,P,0.0,0.0,0.0,{C00590083},,C00590083,JOHN SCHIESS FOR US PRESIDENT
P60005303,2020,"FOX, CHERUNDA LYNN",INDEPENDENT,Challenger,P,2051.00,2051.00,0.00,{C00563536},2019-03-31 00:00:00,C00563536,FOX FOR PRESIDENT 
P60005535,2020,"EMRIT, RONALD SATISH",DEMOCRATIC PARTY,Challenger,P,0.0,0.0,0.0,{C00569897},,C00569897,UNITED EMRITS OF AMERICA
P60005709,2020,"DUCKWALD, WANDA GAYLE",REPUBLICAN PARTY,,P,0.0,0.0,0.0,{C00576629},,C00576629,DUCKWALD FOR PRESIDENT
P60005774,2020,"SCARBOROUGH, LARRY D",UNKNOWN,Open seat,P,0.0,0.0,0.0,"{C00572065,C00703884}",,C00703884,LARRY D SCARBOROUGH FOR PRESIDENT 2020
P60005790,2020,"SPEARS, ALAN ERROL ESQ.",REPUBLICAN PARTY,Open seat,P,0.0,0.0,0.0,{C00575969},,C00575969,COMMITTEE TO ELECT ALAN SPEARS PRESIDENT
P60005865,2020,"RAPHAEL, DAVID MD",OTHER,Open seat,P,0.0,0.0,0.0,"{C00573337,C00703744}",,C00703744,COMMITTEE TO ELECT DAVID RAPHAEL MD PRESIDENT
P60005949,2020,"HAHN, TINA JAYNE MS.",INDEPENDENT,Challenger,P,0.0,0.0,0.0,{C00573998},,C00573998,TINA HAHN FOR PRESIDENT COMMITTEE
P60006160,2020,"RHODES, LEE",DEMOCRATIC PARTY,,P,0.0,0.0,0.0,{C00574707},,C00574707,FRIENDS OF LEE RHODES
P60006277,2020,"INCE, CECIL A",LIBERTARIAN PARTY,Challenger,P,0.0,0.0,0.0,"{C00575803,C00665208}",,C00665208,CECIL INCE 2020
P60006426,2020,"LOWE, DONALD EUGENE",DEMOCRATIC PARTY,Challenger,P,0.0,0.0,0.0,{C00575365},2017-10-17 00:00:00,C00575365,DONALD EUGENE LOWE A BETTER CHOICE
P60006467,2020,"SABBAG, DOUGLAS WALTER",DEMOCRATIC PARTY,Challenger,P,0.0,0.0,0.0,{C00654947},,C00654947,DOUGFORPRESIDENT
P60006574,2020,"THOMAS, JUDAH",INDEPENDENT,Challenger,P,0.0,0.0,0.0,{C00706028},,C00706028,JUDAH THOMAS COMMITTEE
P60007002,2020,"EVANS, NICHOLAS",REPUBLICAN PARTY,Challenger,P,0.0,0.0,0.0,{C00576645},,C00576645,JESUS BLESS NICHOLAS EVANS FOR OFFICE
P60007168,2020,"SANDERS, BERNARD",DEMOCRATIC PARTY,Open seat,P,74516657.41,46164920.51,33807388.80,"{C00577130,C00696948}",2019-09-30 00:00:00,C00696948,BERNIE 2020
P60007184,2020,"SNYDER, SPENCER ERIC MR.",REPUBLICAN PARTY,Challenger,P,0.0,0.0,0.0,{C00579409},,C00579409,RESTORING THE AMERICAN DREAM - SPENCE SNYDER
P60007283,2020,"PIATT, MARTY MR.",UNKNOWN,Open seat,P,0.0,0.0,0.0,"{C00577429,C00711127}",,C00711127,EXPLORATORY COMMITTEE FOR MARTY PIATT 2020
P60007523,2020,"BELL, JAMES",DEMOCRATIC PARTY,,P,0.0,0.0,0.0,{C00580407},,C00580407,THE FRIENDS OF MR. JAMES JEROME BELL FOR PRESIDENT
P60007655,2020,"WALKER, MICHELLE ""HOPE""",INDEPENDENT,Challenger,P,0.0,0.0,0.0,{C00578591},,C00578591,"VOTE FOR MICHELLE ""HOPE"" WALKER FOR UNITED STATES OF AMERICA  PRESIDENT 2020"
P60007770,2020,"THOMPSON, MORRIS KENT MR.",UNAFFILIATED,Open seat,P,0.0,0.0,0.0,"{C00579037,C00703280}",,C00703280,AMERICAN PEOPLES ACTION PARTY-MORRIS KENT THOMPSON FOR PRESIDENT
P60007895,2020,"MANLEY, ELIJAH D",SOCIALIST PARTY U.S.A.,Open seat,P,0.0,0.0,0.0,"{C00578872,C00589242,C00694851}",,C00694851,MANLEY FOR AMERICA
P60008067,2020,"SCRUGGS, MICHAEL W REVEREND",DEMOCRATIC PARTY,Challenger,P,0.0,0.0,0.0,"{C00588988,C00691899}",,C00691899,COMMITTEE TO ELECT REVEREND MICHAEL W SCRUGGS
P60008638,2020,"LIBRACE, DAVID",REPUBLICAN PARTY,Challenger,P,0.0,0.0,0.0,{C00712778},,C00712778,AMERICAN'S FOR DAVID LIBRACE FOR PRESIDENT 2020
P60008695,2020,"PATTERSON, STEPHEN MICHAEL",DEMOCRATIC PARTY,Challenger,P,0.0,0.0,0.0,"{C00587535,C00637751}",,C00637751,PATTERSON FOR PRESIDENT
P60009230,2020,"ERWIN, FRANKLIN JAMES",INDEPENDENT,Challenger,P,0.0,0.0,0.0,{C00582197},,C00582197,ERWIN FOR PRESIDENT
P60009495,2020,SOLUTIONATOR COHEN EDEN,DEMOCRATIC PARTY,Challenger,P,0.0,0.0,0.0,{C00693036},,C00693036,SOULUTIONATOR EDEN'S GRASSROOTS U.S.A.
P60011517,2020,"BERRY, JOEY",LIBERTARIAN PARTY,Challenger,P,0.00,0.00,0.00,{C00584359},2019-09-30 00:00:00,C00584359,JOEY BERRY FOR PRESIDENT
P60012218,2020,"STRICKLAND, TIMMY",INDEPENDENT,Challenger,P,0.0,0.0,0.0,{C00676643},,,
P60012697,2020,"CHUNG, ANDREW HEARTDOC",NON-PARTY,Challenger,P,0.0,0.0,0.0,{C00589002},,C00589002,HEARTDOC ANDREW STOPS THE OLIGARCHY - ACCEPT/USE NO MONEY FOR CAMPAIGNING
P60013281,2020,"SHERRIL, PETER WILLIAM",REPUBLICAN PARTY,Challenger,P,400.00,250.00,100.00,{C00718015},2019-09-30 00:00:00,C00718015,FRIENDS OF PETER W SHERRILL
P60014024,2020,"SHEWBERT, DUSTIN RYAN MR SR",DEMOCRATIC PARTY,Challenger,P,0.00,0.00,0.00,"{C00585570,C00683862}",2018-12-31 00:00:00,C00585570,FRIENDS OF SHEWBERT FOR PRESIDENT
P60014396,2020,"COMLEY, STEPHEN BRADLEY,SR",REPUBLICAN PARTY,Challenger,P,0.0,0.0,0.0,{C00585802},,C00585802,COMMITTEE TO ELECT STEPHEN B COMLEY SR FOR PRESIDENT
P60015278,2020,"HAKEEM, JAWAD HASHEM",INDEPENDENT,Challenger,P,0.0,0.0,0.0,{C00676908},,C00676908,JAWAD HASHEM HAKEEM 2020
P60015419,2020,"KOPITKE, KYLE KENLEY DOCTOR",INDEPENDENT,Open seat,P,0.0,0.0,0.0,"{C00588293,C00708123}",,C00708123,KYLE2020
P60015526,2020,"FAHL, MICHAEL TRAVIS",OTHER,Challenger,P,0.0,0.0,0.0,{C00712877},,C00712877,CAMPAIGN TO ELECT MIKE FAHL
P60015864,2020,"WILLMON, PAUL",WRITE-IN,Challenger,P,0.0,0.0,0.0,"{C00671719,C00671958}",,,
P60016342,2020,"DE  LA  FUENTE, ROQUE ROCKY",REPUBLICAN PARTY,Open seat,P,10187446.06,5164751.86,5054760.28,{C00588426},2019-09-30 00:00:00,C00588426,ROCKY 101 LLC
P60016920,2020,"PRAG, CHOMI",NONE,Challenger,P,0.00,0.00,0.00,{C00589762},2019-09-30 00:00:00,C00589762,PRAG FOR PRESIDENT
P60017100,2020,"VALENTINE, JAMES",NONE,Challenger,P,0.00,7648.37,37406.62,{C00590273},2019-09-30 00:00:00,C00590273,VALENTINE FOR PRESIDENT CAMPAIGN COMMITTEE
P60017456,2020,"TOLBERT, ROBERT",DEMOCRATIC PARTY,Open seat,P,0.0,0.0,0.0,"{C00593178,C00662759}",,C00662759,TOLBERT FOR AMERICA
P60017852,2020,"ROBERTS, CLIFTON LEE MR.",OTHER,Open seat,P,1390.00,284.23,1105.77,"{C00595173,C00717140}",2019-09-30 00:00:00,C00717140,CLIFTON ROBERTS FOR PRESIDENT
P60018066,2020,"WEST, KEVIN",UNAFFILIATED,Challenger,P,0.0,0.0,0.0,{C00636472},,C00636472,TECHNICIANS NOT POLITICIANS
P60018249,2020,"MALDONADO, JOSEPH A",LIBERTARIAN PARTY,,P,1094.00,0.00,0.00,{C00612077},2017-12-31 00:00:00,C00612077,JOE EXOTIC FOR THE PEOPLE OF AMERICA
P60018371,2020,"GLASGOW, NATHANIEL",REPUBLICAN PARTY,Challenger,P,0.00,0.00,0.00,{C00593533},2018-12-31 00:00:00,C00593533,GLASGOW CAMPAIGN COMMITTEE
P60018702,2020,"BARBINE, MICHAEL W.",WRITE-IN,Challenger,P,0.0,0.0,0.0,{C00599910},,,
P60019387,2020,"LAYTON, NYLE BENJAMIN MR",LIBERTARIAN PARTY,Challenger,P,0.0,0.0,0.0,{C00699751},,C00699751,THE PEOPLE FOR BENJAMIN LAYTON
P60020047,2020,"VAN DUREN, GABRIEL ELIAS",INDEPENDENT,Challenger,P,0.0,0.0,0.0,{C00610196},,C00610196,GABRIEL VAN DUREN
P60020963,2020,"SOOD, AJAY",INDEPENDENT,Challenger,P,6329.00,6120.00,209.00,"{C00614727,C00674580}",2018-12-31 00:00:00,C00674580,AJAY SOOD--PRESIDENTIAL CANDIDATE 2020
P60021060,2020,"MOHR, ELMER S",NONPARTISAN,Open seat,P,0.0,0.0,0.0,{C00615062},,C00615062,MOHR FOR PRESIDENT 2020
P60021128,2020,"GUILLAUME, GREGORY MARK",REPUBLICAN PARTY,,P,0.0,0.0,0.0,{C00615716},,C00615716,CAMPAIGN COMMITTEE FOR GUILLAUME
P60022043,2020,"PUSKAR, MICHAEL BRANDON",UNAFFILIATED,Challenger,P,3045.00,517.91,2527.09,{C00621177},2019-09-30 00:00:00,C00621177,"MICHAEL B PUSKAR, AMERICA'S BEST FRIEND"
P60022480,2020,"HALE, DAKOTA",LIBERTARIAN PARTY,Challenger,P,0.0,0.0,0.0,{C00623850},,C00623850,ABOLISH THE GOVERNMENT COMMITTEE
P60022993,2020,"GILLESPIE, NEIL J.",UNAFFILIATED,Open seat,P,0.0,0.0,0.0,{C00627810},,C00627810,NEIL J. GILLESPIE FOR PRESIDENT
P60023124,2020,"RESENDEZ, ELIUD",OTHER,Challenger,P,0.0,0.0,0.0,"{C00626275,C00647990}",,C00647990,ELUD D RESENDEZ
P60023652,2020,"FELIX, ALBERT JAMES",LIBERAL PARTY,Challenger,P,0.0,0.0,0.0,{C00687251},,C00687251,FRIENDS OF ALBERT FELIX LIBERAL COMMITTEE
P60023660,2020,"KRONBERG, JOSHUA REESE",DEMOCRATIC PARTY,Challenger,P,0.0,0.0,0.0,"{C00628503,C00725952,C00725960}",,C00725960,JOSHUA KRONBERG AND CHERUBS & CUPIDS FOR PRESIDENT
P80000268,2020,"CARTER, WILLIE FELIX",DEMOCRATIC PARTY,Challenger,P,9747.39,9741.24,37.46,{C00202176},2019-09-30 00:00:00,C00202176,WILLIE CARTER FOR PRESIDENT COMMITTEE
P80000672,2020,"HOFF, SAMUEL B DR",INDEPENDENT,Challenger,P,0.00,0.00,0.00,"{C00499681,C00615237,C00687111}",2018-12-31 00:00:00,C00687111,"FOR TIMES O'PLENTY, VOTE HOFF PRESIDENT IN '20"
P80000722,2020,"BIDEN, JOSEPH R JR",DEMOCRATIC PARTY,Challenger,P,37785260.96,28797633.15,8987627.81,{C00703975},2019-09-30 00:00:00,C00703975,BIDEN FOR PRESIDENT
P80001571,2020,"TRUMP, DONALD J.",REPUBLICAN PARTY,Incumbent,P,165327323.60,89722756.26,83216270.26,{C00580100},2019-09-30 00:00:00,C00580100,"DONALD J. TRUMP FOR PRESIDENT, INC."
P80002876,2020,"JONES, ARNOLD MATTHEW",INDEPENDENT,Open seat,P,0.0,0.0,0.0,{C00692186},,C00692186,ARNOLD M JONES ELECTION COMMITTEE
P80003114,2020,"BLYTH, JOHN DOUGLAS",DEMOCRATIC PARTY,Open seat,P,0.0,0.0,0.0,"{C00576827,C00701029}",,C00701029,BLYTH AMERICA JOHN BLYTH FOR PRESIDENT OF THE UNITED STATES
P80003544,2020,"GRAHAM, MARK BLAIR",WRITE-IN,Challenger,P,0.0,0.0,0.0,{C00495739},,C00495739,MARK B GRAHAM FOR PRESIDENT 2020
P80003643,2020,"ELLIOTT, CLAIRE ELISABETH",INDEPENDENT,Challenger,P,0.00,0.00,0.00,{C00432138},2019-09-30 00:00:00,C00432138,CLAIRE ELISABETH ELLIOTT IS AMERICA
P80003890,2020,"CHERRICKS, LIZA DAWN",INDEPENDENT,Challenger,P,0.0,0.0,0.0,{C00646893},,C00646893,INTEGRIGATED REVIVAL C/O LIZA DAWN CHERRICKS
P80004120,2020,"BILLINGS-ELIAS, CHRISTINA GERASIMOS",DEMOCRATIC PARTY,Challenger,P,0.0,0.0,0.0,"{C00602680,C00691113}",,C00691113,CHRISTINA GERASIMOS BILLINGS-ELIAS
P80004328,2020,"PINNAVAIA, MATTHEW D",UNKNOWN,Challenger,P,0.0,0.0,0.0,"{C00565101,C00631432}",,C00631432,THE GEORGE WASHINGTON PARTY COMMITTEE
P80004369,2020,"AUGUSTSON, ALAN",GREEN PARTY,Challenger,P,306.59,306.59,0.00,{C00695676},2019-06-11 00:00:00,C00695676,ALAN AUGUSTSON FOR PRESIDENT 2020
P80004765,2020,"HEWES, HENRY",DEMOCRATIC PARTY,Open seat,P,407688.06,11171.42,396516.64,"{C00592626,C00697227}",2019-09-30 00:00:00,C00697227,ELECT HENRY HEWES 2020
P80004864,2020,"GILLEN, DONALD ROBERT",DEMOCRATIC PARTY,Challenger,P,0.0,0.0,0.0,{C00439356},,C00439356,DONALD R GILLEN FOR PRESIDENT COMMITTEE
P80005572,2020,"LA RIVA, GLORIA ESTELA",PEACE FREEDOM PARTY,Open seat,P,0.0,0.0,0.0,"{C00590000,C00725705}",,C00725705,GLORIA LA RIVA FOR PRESIDENT 2000
P80005960,2020,"JARAMILLO, MARIO",INDEPENDENT,Challenger,P,0.0,0.0,0.0,{C00659698},,C00659698,MARIO AN EVERYDAY MAN FOR EVERYONE
P80006117,2020,"KLOBUCHAR, AMY J.",DEMOCRATIC PARTY,Challenger,P,17516387.53,13836795.36,3679592.17,{C00696419},2019-09-30 00:00:00,C00696419,AMY FOR AMERICA
